"db","uniprot","gene"
"sp","P36578","RL4"
"sp","Q9ULW3","ABT1"
"sp","P08574","CY1"
"sp","Q9H3U1","UN45A"
"sp","Q9UNF1","MAGD2"
"sp","Q9NQP4","PFD4"
"sp","P40855","PEX19"
"sp","Q96P70","IPO9"
"sp","P18887","XRCC1"
"sp","P04899","GNAI2"
"sp","Q17RB8","LONF1"
"sp","P07954","FUMH"
"sp","Q9Y490","TLN1"
"sp","O94826","TOM70"
"sp","P52815","RM12"
"sp","Q96MW7","TIGD1"
"sp","Q9Y5V0","ZN706"
"sp","Q8N3Y3","LARG2"
"sp","P31948","STIP1"
"sp","Q5JRA6","TGO1"
"sp","P31350","RIR2"
"sp","Q12765","SCRN1"
"sp","Q9NVA2","SEP11"
"sp","P49591","SYSC"
"sp","P52788","SPSY"
"sp","Q5TIE3","VW5B1"
"sp","P08559","ODPA"
"sp","Q99733","NP1L4"
"sp","Q86XX4","FRAS1"
"sp","Q9NWH9","SLTM"
"sp","Q9UDW1","QCR9"
"sp","P19338","NUCL"
"sp","P49006","MRP"
"sp","Q7KZF4","SND1"
"sp","P19404","NDUV2"
"sp","O95336","6PGL"
"sp","Q9Y2S7","PDIP2"
"sp","P06753","TPM3"
"sp","Q14980","NUMA1"
"sp","Q92616","GCN1"
"sp","P55060","XPO2"
"CON__Q3SX28;sp","P09493","TPM1"
"sp","Q9UIW2","PLXA1"
"sp","P67809","YBOX1"
"sp","Q5JST6","EFHC2"
"sp","P12270","TPR"
"sp","Q6DHV5","C2D2B"
"sp","O15400","STX7"
"sp","O75569","PRKRA"
"sp","Q8N163","CCAR2"
"sp","O94776","MTA2"
"sp","P55884","EIF3B"
"sp","Q13330","MTA1"
"sp","P06454","PTMA"
"sp","P20962","PTMS"
"sp","P11586","C1TC"
"sp","P29966","MARCS"
"sp","Q1KMD3","HNRL2"
"sp","Q9Y613","FHOD1"
"sp","Q9UHB6","LIMA1"
"sp","Q12907","LMAN2"
"sp","O76041","NEBL"
"sp","Q8WXH0","SYNE2"
"sp","Q9NR33","DPOE4"
"sp","Q9NU02","ANKE1"
"sp","Q9BY12","SCAPE"
"sp","Q9Y620","RA54B"
"sp","A6NJU9","NPB13"
"sp","O75909","CCNK"
"sp","Q9UHD8","SEPT9"
"sp","Q01780","EXOSX"
"sp","P49327","FAS"
"sp","O76021","RL1D1"
"sp","P53985","MOT1"
"sp","P52272","HNRPM"
"sp","Q8N4A0","GALT4"
"sp","Q96PN7","TREF1"
"sp","P27708","PYR1"
"sp","Q9UQ35","SRRM2"
"sp","Q5T5Y3","CAMP1"
"sp","Q9Y2K3","MYH15"
"sp","Q8WUM0","NU133"
"sp","P04406","G3P"
"sp","Q13123","RED"
"sp","Q96CT7","CC124"
"sp","P19623","SPEE"
"sp","Q562E7","WDR81"
"sp","P16401","H15"
"sp","Q9NSD9","SYFB"
"sp","P22102","PUR2"
"sp","Q15118","PDK1"
"sp","Q9Y4D7","PLXD1"
"sp","P16403","H12"
"sp","Q9H4A6","GOLP3"
"sp","P28838","AMPL"
"sp","Q99459","CDC5L"
"sp","Q8N8Z6","DCBD1"
"sp","P60468","SC61B"
"sp","O60469","DSCAM"
"sp","Q5T653","RM02"
"sp","Q8N5M9","JAGN1"
"sp","P26641","EF1G"
"sp","Q6TFL3","CC171"
"sp","Q5K4L6","S27A3"
"sp","Q2TAY7","SMU1"
"sp","P35637","FUS"
"sp","P35637","FUS"
"sp","P07741","APT"
"sp","P35232","PHB"
"sp","Q15075","EEA1"
"sp","Q9P2E9","RRBP1"
"sp","O14744","ANM5"
"sp","Q01664","TFAP4"
"sp","Q9H251","CAD23"
"sp","O00192","ARVC"
"sp","P20929","NEBU"
"sp","Q9UFH2","DYH17"
"sp","Q9UPA5","BSN"
"sp","Q8TEM1","PO210"
"sp","Q06323","PSME1"
"sp","P09417","DHPR"
"sp","Q12788","TBL3"
"sp","Q96RT7","GCP6"
"sp","P12081","HARS1"
"sp","Q9H0D6","XRN2"
"sp","Q9NRV9","HEBP1"
"sp","Q8TES7","FBF1"
"sp","Q9BZH6","WDR11"
"sp","Q9H7E9","CH033"
"sp","O00562","PITM1"
"sp","P14317","HCLS1"
"sp","P82663","RT25"
"sp","Q7Z6Z7","HUWE1"
"sp","Q969F9","HPS3"
"sp","Q3ZAQ7","VMA21"
"sp","Q8WVV9","HNRLL"
"sp","Q9H3S7","PTN23"
"sp","P61586","RHOA"
"sp","P62851","RS25"
"sp","P62910","RL32"
"sp","P42765","THIM"
"sp","O95831","AIFM1"
"sp","Q14978","NOLC1"
"sp","P59923","ZN445"
"sp","Q08211","DHX9"
"sp","Q68DK2","ZFY26"
"sp","Q8WXI9","P66B"
"sp","Q9Y4L1","HYOU1"
"sp","P55084","ECHB"
"sp","P31146","COR1A"
"sp","Q9Y5B0","CTDP1"
"sp","P53420","CO4A4"
"sp","Q15181","IPYR"
"sp","Q92522","H1X"
"sp","Q15233","NONO"
"sp","P11216","PYGB"
"sp","O95793","STAU1"
"sp","Q9BSH4","TACO1"
"sp","Q96MW1","CCD43"
"sp","Q9BRP8","PYM1"
"sp","Q5VST9","OBSCN"
"sp","Q8WZ42","TITIN"
"sp","P37837","TALDO"
"sp","P06132","DCUP"
"sp","P62995","TRA2B"
"sp","P04075","ALDOA"
"sp","Q99623","PHB2"
"sp","P05455","LA"
"sp","P48729","KC1A"
"sp","Q15058","KIF14"
"sp","Q8IVM0","CCD50"
"sp","O43592","XPOT"
"sp","Q86Y56","DAAF5"
"sp","Q8TAV3","CP2W1"
"sp","Q8N5N7","RM50"
"sp","Q9UKY7","CDV3"
"sp","O00116","ADAS"
"sp","O75367","H2AY"
"sp","O00154","BACH"
"sp","Q96HY6","DDRGK"
"sp","P18206","VINC"
"sp","P62258","1433E"
"sp","Q96JM3","CHAP1"
"sp","Q99698","LYST"
"sp","P10412","H14"
"sp","P26640","SYVC"
"sp","Q8TEQ6","GEMI5"
"sp","P23588","IF4B"
"sp","Q9Y5B9","SP16H"
"sp","Q96T51","RUFY1"
"sp","Q12778","FOXO1"
"sp","O15127","SCAM2"
"sp","Q9BYT8","NEUL"
"sp","P31930","QCR1"
"sp","Q9Y3F4","STRAP"
"sp","O15294","OGT1"
"sp","Q13423","NNTM"
"sp","Q14683","SMC1A"
"sp","Q99615","DNJC7"
"sp","P13667","PDIA4"
"sp","Q01650","LAT1"
"sp","P80303","NUCB2"
"sp","Q96DT5","DYH11"
"sp","Q96GQ7","DDX27"
"sp","P61927","RL37"
"sp","O75746","CMC1"
"sp","P07910","HNRPC"
"sp","O75152","ZC11A"
"sp","P13804","ETFA"
"sp","Q13155","AIMP2"
"sp","P31153","METK2"
"sp","O94906","PRP6"
"sp","Q01844","EWS"
"sp","P46013","KI67"
"sp","Q29RF7","PDS5A"
"sp","Q9NR30","DDX21"
"sp","Q13435","SF3B2"
"sp","Q6P2Q9","PRP8"
"sp","P05023","AT1A1"
"sp","P06733","ENOA"
"sp","P06733","ENOA"
"sp","P00558","PGK1"
"sp","P00390","GSHR"
"sp","Q9BV44","THUM3"
"sp","Q9Y4B5","MTCL1"
"sp","P24752","THIL"
"sp","Q9BXW7","HDHD5"
"sp","Q6S8J3","POTEE"
"sp","Q2LD37","K1109"
"sp","P02545","LMNA"
"sp","P05141","ADT2"
"sp","P12235","ADT1"
"sp","Q14019","COTL1"
"sp","P22695","QCR2"
"sp","P54136","SYRC"
"sp","Q8NBJ5","GT251"
"sp","P0C860","MS3L2"
"sp","Q12791","KCMA1"
"sp","Q6UWU2","GLB1L"
"sp","Q00722","PLCB2"
"sp","Q8NDA8","MROH1"
"sp","Q8IUL8","CILP2"
"sp","Q5DID0","UROL1"
"sp","P55010","IF5"
"sp","Q14690","RRP5"
"sp","Q5XPI4","RN123"
"sp","P29074","PTN4"
"sp","Q9NQV5","PRD11"
"sp","Q9ULK2","AT7L1"
"sp","Q9BQ67","GRWD1"
"sp","Q9UGR2","Z3H7B"
"sp","P05156","CFAI"
"sp","Q5TCH4","CP4AM"
"sp","Q9Y6D5","BIG2"
"sp","Q13045","FLII"
"sp","Q5T3I0","GPTC4"
"sp","Q9NQR4","NIT2"
"sp","Q6WN34","CRDL2"
"sp","O95373","IPO7"
"sp","H7BZ55","CRCC2"
"sp","Q9H8Y8","GORS2"
"sp","Q13409","DC1I2"
"sp","P08758","ANXA5"
"sp","O75477","ERLN1"
"sp","P05204","HMGN2"
"sp","Q15836","VAMP3"
"sp","O95427","PIGN"
"sp","O95347","SMC2"
"sp","Q9UKN7","MYO15"
"sp","O00329","PK3CD"
"sp","P15880","RS2"
"sp","P00441","SODC"
"sp","Q9Y3A2","UTP11"
"sp","Q01484","ANK2"
"sp","Q96AT1","K1143"
"sp","Q06830","PRDX1"
"sp","P53396","ACLY"
"sp","O75643","U520"
"sp","P35579","MYH9"
"sp","O95573","ACSL3"
"sp","P61803","DAD1"
"sp","P09622","DLDH"
"sp","P63220","RS21"
"sp","Q8NG31","KNL1"
"sp","P61247","RS3A"
"sp","O60506","HNRPQ"
"sp","P62241","RS8"
"sp","P62333","PRS10"
"sp","O75116","ROCK2"
"sp","P08238","HS90B"
"sp","P05198","IF2A"
"sp","P61221","ABCE1"
"sp","Q9BY77","PDIP3"
"sp","Q06190","P2R3A"
"sp","P06748","NPM"
"sp","P56192","SYMC"
"sp","Q15393","SF3B3"
"sp","Q14204","DYHC1"
"sp","P68036","UB2L3"
"sp","Q13895","BYST"
"sp","Q09666","AHNK"
"sp","O95714","HERC2"
"sp","P99999","CYC"
"sp","Q6ZT07","TBCD9"
"sp","P07900","HS90A"
"sp","Q92888","ARHG1"
"sp","P08195","4F2"
"sp","Q9H3E2","SNX25"
"sp","Q5W0B1","OBI1"
"sp","Q96C19","EFHD2"
"sp","P30740","ILEU"
"sp","Q9P260","RELCH"
"sp","Q9NSE4","SYIM"
"sp","O14929","HAT1"
"sp","P36871","PGM1"
"sp","Q9Y5L0","TNPO3"
"sp","P78536","ADA17"
"sp","Q13207","TBX2"
"sp","Q9HAV7","GRPE1"
"sp","Q5T7N8","F27D1"
"sp","P0DP25","CALM3"
"sp","Q9BXX3","AN30A"
"sp","Q9NWN3","FBX34"
"sp","P62263","RS14"
"sp","O75925","PIAS1"
"sp","Q8TDM6","DLG5"
"sp","Q15424","SAFB1"
"sp","P35659","DEK"
"sp","Q14134","TRI29"
"sp","Q8TBY8","PMFBP"
"sp","P43686","PRS6B"
"sp","Q9NUU7","DD19A"
"sp","P84090","ERH"
"sp","O00214","LEG8"
"sp","P30837","AL1B1"
"sp","Q9Y4W6","AFG32"
"sp","Q8IY17","PLPL6"
"sp","Q9Y6E2","BZW2"
"sp","P04040","CATA"
"sp","Q13263","TIF1B"
"sp","Q13813","SPTN1"
"sp","Q9NRG0","CHRC1"
"sp","Q9Y383","LC7L2"
"sp","Q9ULE4","F184B"
"sp","Q96AE4","FUBP1"
"sp","Q5TZA2","CROCC"
"sp","P46821","MAP1B"
"sp","Q9H0H5","RGAP1"
"sp","P07900","HS90A"
"sp","Q8IVF2","AHNK2"
"sp","Q8NBB4","ZSCA1"
"sp","P46783","RS10"
"sp","P49411","EFTU"
"sp","P56182","RRP1"
"sp","Q6P1M9","ARMX5"
"sp","P21333","FLNA"
"sp","Q9BZZ2","SN"
"sp","Q66PJ3","AR6P4"
"sp","Q9UBE0","SAE1"
"sp","O00461","GOLI4"
"sp","P28340","DPOD1"
"sp","P14543","NID1"
"sp","P13984","T2FB"
"sp","Q9BQ04","RBM4B"
"sp","O75153","CLU"
"sp","P17066","HSP76"
"sp","P11142","HSP7C"
"sp","P0DMV9","HS71B"
"sp","P04818","TYSY"
"sp","Q8N9Z2","CC71L"
"sp","O75347","TBCA"
"sp","Q03252","LMNB2"
"sp","P07355","ANXA2"
"sp","Q9NZM1","MYOF"
"sp","P12004","PCNA"
"sp","Q9Y6G9","DC1L1"
"sp","P27824","CALX"
"sp","Q9UJU6","DBNL"
"sp","O00425","IF2B3"
"sp","Q14738","2A5D"
"sp","P62913","RL11"
"sp","P80723","BASP1"
"sp","Q14257","RCN2"
"sp","Q9NPE2","NGRN"
"sp","Q96GC5","RM48"
"sp","Q9P013","CWC15"
"sp","P19878","NCF2"
"sp","Q15149","PLEC"
"sp","P11387","TOP1"
"sp","P11234","RALB"
"sp","P52565","GDIR1"
"CON__Q3SX28;sp","P06753","TPM3"
"sp","Q9NWB6","ARGL1"
"sp","Q9UHY7","ENOPH"
"sp","Q9H4A4","AMPB"
"sp","Q9UKU0","ACSL6"
"sp","Q05655","KPCD"
"sp","O60381","HBP1"
"sp","P67936","TPM4"
"sp","Q96I24","FUBP3"
"sp","Q00839","HNRPU"
"sp","Q9P2D1","CHD7"
"sp","P18433","PTPRA"
"sp","O15440","MRP5"
"sp","Q9NVI7","ATD3A"
"sp","P07237","PDIA1"
"sp","P14854","CX6B1"
"sp","Q8IY81","SPB1"
"sp","P53041","PPP5"
"sp","P20700","LMNB1"
"sp","Q8TEW0","PARD3"
"sp","O95394","AGM1"
"sp","Q68DQ2","CRBG3"
"sp","Q96JM4","LRIQ1"
"sp","O75044","SRGP2"
"sp","Q6PKC3","TXD11"
"sp","Q13151","ROA0"
"sp","O14686","KMT2D"
"sp","Q6AWC2","WWC2"
"sp","Q14315","FLNC"
"sp","Q14203","DCTN1"
"sp","Q96QH2","PRAM"
"sp","Q14697","GANAB"
"sp","P31152","MK04"
"sp","Q8TDR0","MIPT3"
"sp","Q8WVR3","TPC14"
"sp","P23246","SFPQ"
"sp","A8MT33","SYC1L"
"sp","Q7Z6J4","FGD2"
"sp","Q9HB71","CYBP"
"sp","O75165","DJC13"
"sp","Q9UPV0","CE164"
"sp","Q9UJX3","APC7"
"sp","Q8IYW2","CFA46"
"sp","P23396","RS3"
"sp","P26639","SYTC"
"sp","P55081","MFAP1"
"sp","Q8N4C6","NIN"
"sp","Q86YV0","RASL3"
"sp","P48736","PK3CG"
"sp","O60566","BUB1B"
"sp","Q0VF49","K2012"
"sp","Q9HD20","AT131"
"sp","P59998","ARPC4"
"sp","P49454","CENPF"
"sp","P51572","BAP31"
"sp","P78324","SHPS1"
"sp","P46459","NSF"
"sp","P30519","HMOX2"
"sp","P22314","UBA1"
"sp","P61088","UBE2N"
"sp","P41252","SYIC"
"sp","P61158","ARP3"
"sp","Q9GZX7","AICDA"
"sp","Q13459","MYO9B"
"sp","Q9ULZ3","ASC"
"sp","P09874","PARP1"
"CON__Q3SX28;sp","P09493","TPM1"
"sp","Q15050","RRS1"
"sp","Q9H307","PININ"
"sp","Q13464","ROCK1"
"sp","Q9UJZ1","STML2"
"sp","P14735","IDE"
"sp","Q5UIP0","RIF1"
"sp","Q96KG9","SCYL1"
"sp","Q86UK0","ABCAC"
"sp","P52179","MYOM1"
"sp","Q96N67","DOCK7"
"sp","Q15437","SC23B"
"sp","P34932","HSP74"
"sp","Q9NR28","DBLOH"
"sp","P13798","ACPH"
"sp","Q13126","MTAP"
"sp","Q00975","CAC1B"
"sp","P15924","DESP"
"sp","Q7Z406","MYH14"
"sp","O14578","CTRO"
"sp","Q9BV73","CP250"
"sp","Q15436","SC23A"
"sp","O60841","IF2P"
"sp","P18858","DNLI1"
"sp","Q8WZ74","CTTB2"
"sp","Q8TD16","BICD2"
"sp","Q8TBF8","FA81A"
"sp","Q13303","KCAB2"
"sp","Q8IYS1","P20D2"
"sp","Q00059","TFAM"
"sp","P54296","MYOM2"
"sp","P22234","PUR6"
"sp","A5YKK6","CNOT1"
"sp","P30084","ECHM"
"sp","P35241","RADI"
"sp","P42704","LPPRC"
"sp","Q92736","RYR2"
"sp","Q14166","TTL12"
"sp","Q9UPS6","SET1B"
"sp","Q9Y3D9","RT23"
"sp","O96000","NDUBA"
"sp","O15371","EIF3D"
"sp","Q16891","MIC60"
"sp","O75937","DNJC8"
"sp","P24928","RPB1"
"sp","P11766","ADHX"
"sp","Q2V2M9","FHOD3"
"sp","P49189","AL9A1"
"sp","P55786","PSA"
"sp","Q9UQ80","PA2G4"
"sp","P19021","AMD"
"sp","Q96FW1","OTUB1"
"sp","P31040","SDHA"
"sp","P06493","CDK1"
"sp","Q8IUG5","MY18B"
"sp","Q9BPW9","DHRS9"
"sp","P84103","SRSF3"
"sp","P17987","TCPA"
"sp","Q9BRR0","ZKSC3"
"sp","P30566","PUR8"
"sp","Q96NJ6","ZFP3"
"sp","Q96JF6","ZN594"
"sp","Q9UQE7","SMC3"
"sp","Q9Y6M9","NDUB9"
"sp","P09211","GSTP1"
"sp","Q12931","TRAP1"
"sp","P78527","PRKDC"
"sp","P49207","RL34"
"sp","Q9HD67","MYO10"
"sp","Q07889","SOS1"
"sp","P39023","RL3"
"sp","Q92598","HS105"
"sp","Q8TD23","ZN675"
"sp","P17019","ZN708"
"sp","Q6ZN08","ZNF66"
"sp","Q6V0I7","FAT4"
"sp","P34897","GLYM"
"sp","Q9NS87","KIF15"
"sp","Q6ZNJ1","NBEL2"
"sp","Q7Z5J8","ANKAR"
"sp","P11229","ACM1"
"sp","P51570","GALK1"
"sp","Q10570","CPSF1"
"sp","Q9ULM2","ZN490"
"sp","Q8N972","ZN709"
"sp","P10768","ESTD"
"sp","O15067","PUR4"
"sp","P61619","S61A1"
"sp","O60506","HNRPQ"
"sp","Q5MCW4","ZN569"
"sp","Q9C0F3","ZN436"
"sp","Q13907","IDI1"
"sp","P98088","MUC5A"
"sp","Q16629","SRSF7"
"sp","Q27J81","INF2"
"sp","Q9UNZ2","NSF1C"
"sp","P11310","ACADM"
"sp","P31939","PUR9"
"sp","P12955","PEPD"
"sp","B4DU55","ZN879"
"sp","P02786","TFR1"
"sp","O00442","RTCA"
"sp","Q07021","C1QBP"
"sp","Q5JTD0","TJAP1"
"sp","Q8IY50","S35F3"
"sp","Q06730","ZN33A"
"sp","P14625","ENPL"
"sp","Q8WW12","PCNP"
"sp","P10412","H14"
"sp","Q92974","ARHG2"
"sp","P54577","SYYC"
"sp","Q9BXP5","SRRT"
"sp","P40926","MDHM"
"sp","Q92900","RENT1"
"sp","Q9BQG0","MBB1A"
"sp","O15230","LAMA5"
"sp","O15212","PFD6"
"sp","O75044","SRGP2"
"sp","Q16082","HSPB2"
"sp","P16402","H13"
"sp","Q86WJ1","CHD1L"
"sp","Q0VD83","APOBR"
"sp","A6NFQ2","TCAF2"
"sp","Q86V15","CASZ1"
"sp","A6NJZ7","RIM3C"
"sp","Q9H2A9","CHST8"
"sp","O95153","RIMB1"
"sp","Q16836","HCDH"
"sp","O75037","KI21B"
"sp","Q6PL18","ATAD2"
"sp","P51858","HDGF"
"sp","P12956","XRCC6"
"sp","Q9NR80","ARHG4"
"sp","Q8TER0","SNED1"
"sp","Q9NZT2","OGFR"
"sp","O15078","CE290"
"sp","Q9HCE9","ANO8"
"sp","P08183","MDR1"
"sp","P21439","MDR3"
"sp","Q5T7N2","LITD1"
"sp","Q08945","SSRP1"
"sp","Q5T0F9","C2D1B"
"sp","P62269","RS18"
"sp","Q9NR82","KCNQ5"
"sp","Q8TE73","DYH5"
"sp","O95954","FTCD"
"sp","P60709","ACTB"
"sp","P61163","ACTZ"
"sp","Q12962","TAF10"
"sp","Q9NRH2","SNRK"
"sp","P11717","MPRI"
"sp","Q9P258","RCC2"
"sp","Q9H223","EHD4"
"sp","P55809","SCOT1"
"sp","Q9H254","SPTN4"
"sp","O15015","ZN646"
"sp","A7E2V4","ZSWM8"
"sp","Q13541","4EBP1"
"sp","P51606","RENBP"
"sp","P21333","FLNA"
"sp","Q14008","CKAP5"
"sp","P20618","PSB1"
"sp","Q8NBX0","SCPDL"
"sp","Q9BWD1","THIC"
"sp","P48147","PPCE"
"sp","Q96EY7","PTCD3"
"sp","O14556","G3PT"
"sp","O95183","VAMP5"
"sp","P09669","COX6C"
"sp","P13639","EF2"
"sp","P23526","SAHH"
"sp","P42768","WASP"
"sp","P78347","GTF2I"
"sp","P49736","MCM2"
"sp","Q8NEM8","CBPC3"
"sp","Q9H444","CHM4B"
"sp","Q9H0J9","PAR12"
"sp","Q9UJA3","MCM8"
"sp","P51151","RAB9A"
"sp","Q9H5P4","PDZD7"
"sp","Q9Y4C1","KDM3A"
"sp","Q00341","VIGLN"
"sp","Q9BSW2","EFC4B"
"sp","Q8NHU2","CFA61"
"sp","Q68DA7","FMN1"
"sp","P20671","H2A1D"
"sp","P13987","CD59"
"sp","P33240","CSTF2"
"sp","O75947","ATP5H"
"sp","Q92945","FUBP2"
"sp","Q969W0","SPTSA"
"sp","P34896","GLYC"
"sp","Q7Z6J6","FRMD5"
"sp","P50416","CPT1A"
"sp","P23381","SYWC"
"sp","P46108","CRK"
"sp","P18124","RL7"
"sp","Q7L014","DDX46"
"sp","P35268","RL22"
"sp","O94964","SOGA1"
"sp","Q96IX5","ATPMK"
"sp","Q9P289","STK26"
"sp","Q15691","MARE1"
"sp","O43390","HNRPR"
"sp","Q15020","SART3"
"sp","P17844","DDX5"
"sp","Q9ULL5","PRR12"
"sp","Q2KJY2","KI26B"
"sp","P52209","6PGD"
"sp","Q8NCA5","FA98A"
"sp","Q8NFV4","ABHDB"
"sp","Q9Y4I1","MYO5A"
"sp","P09543","CN37"
"sp","Q9UH92","MLX"
"sp","P62917","RL8"
"sp","Q99798","ACON"
"sp","P52824","DGKQ"
"sp","O00299","CLIC1"
"sp","P62195","PRS8"
"sp","Q96T88","UHRF1"
"sp","Q7RTT3","SSX9"
"sp","Q6ZUT6","CCD9B"
"sp","P10109","ADX"
"sp","Q9P2J5","SYLC"
"sp","O95071","UBR5"
"sp","Q9NW13","RBM28"
"sp","O43175","SERA"
"sp","O43707","ACTN4"
"sp","Q8WXE1","ATRIP"
"sp","Q12769","NU160"
"sp","Q8NFJ8","BHE22"
"sp","Q9BYN8","RT26"
"sp","P62424","RL7A"
"sp","Q0VDF9","HSP7E"
"sp","Q14197","ICT1"
"sp","Q13402","MYO7A"
"sp","Q9ULL8","SHRM4"
"sp","P16298","PP2BB"
"sp","P06576","ATPB"
"sp","Q9BVG8","KIFC3"
"sp","Q32M45","ANO4"
"sp","P30520","PURA2"
"sp","Q15884","F1892"
"sp","Q6IV72","ZN425"
"sp","P62266","RS23"
"sp","P50995","ANX11"
"sp","Q00610","CLH1"
"sp","Q06787","FMR1"
"sp","Q99848","EBP2"
"sp","Q9BRK4","LZTS2"
"sp","Q9BQ61","TRIR"
"sp","O00161","SNP23"
"sp","P36873","PP1G"
"sp","Q16850","CP51A"
"sp","Q14839","CHD4"
"sp","Q96QP1","ALPK1"
"sp","Q02543","RL18A"
"sp","O95696","BRD1"
"sp","Q00610","CLH1"
"sp","Q16851","UGPA"
"sp","Q9NSC5","HOME3"
"sp","Q86UP2","KTN1"
"sp","Q6ZTR5","CFA47"
"sp","Q96GA3","LTV1"
"sp","P50990","TCPQ"
"sp","O95861","BPNT1"
"sp","Q93063","EXT2"
"sp","Q14562","DHX8"
"sp","P50502","F10A1"
"sp","Q16822","PCKGM"
"sp","O75581","LRP6"
"sp","O15063","GRRE1"
"sp","Q15424","SAFB1"
"sp","Q9H0A0","NAT10"
"sp","P48637","GSHB"
"sp","Q8IZP2","ST134"
"sp","O00533","NCHL1"
"sp","Q13310","PABP4"
"sp","Q9BXJ9","NAA15"
"sp","P30419","NMT1"
"sp","O75223","GGCT"
"sp","Q9Y4A5","TRRAP"
"sp","P18077","RL35A"
"sp","Q9ULV4","COR1C"
"sp","O15355","PPM1G"
"sp","Q10567","AP1B1"
"sp","P28066","PSA5"
"sp","Q9UI47","CTNA3"
"sp","Q53H47","SETMR"
"sp","P26358","DNMT1"
"sp","P09496","CLCA"
"sp","Q9Y3I0","RTCB"
"sp","O00567","NOP56"
"sp","Q16821","PPR3A"
"sp","Q3LXA3","TKFC"
"sp","Q9NX63","MIC19"
"sp","P07437","TBB5"
"sp","P40616","ARL1"
"sp","O75955","FLOT1"
"sp","Q15363","TMED2"
"sp","P08133","ANXA6"
"sp","P60900","PSA6"
"sp","Q92945","FUBP2"
"sp","Q71RC2","LARP4"
"sp","Q9UNH7","SNX6"
"sp","Q9ULL4","PLXB3"
"sp","O60869","EDF1"
"sp","Q02878","RL6"
"sp","Q08752","PPID"
"sp","Q13257","MD2L1"
"sp","O43242","PSMD3"
"sp","Q01668","CAC1D"
"sp","P23141","EST1"
"sp","Q5CZC0","FSIP2"
"sp","Q9UPN3","MACF1"
"sp","Q6ZQQ6","WDR87"
"sp","Q8IYD8","FANCM"
"sp","Q13404","UB2V1"
"sp","P83731","RL24"
"sp","Q92947","GCDH"
"sp","P14866","HNRPL"
"sp","Q15907","RB11B"
"sp","Q8IZF6","AGRG4"
"sp","Q9NYU2","UGGG1"
"sp","P08865","RSSA"
"sp","Q9Y5M8","SRPRB"
"sp","Q9BUJ2","HNRL1"
"sp","Q9Y3B7","RM11"
"sp","Q9P281","BAHC1"
"sp","Q96DU9","PABP5"
"sp","P04179","SODM"
"sp","Q9NQC3","RTN4"
"sp","Q02790","FKBP4"
"sp","P11021","BIP"
"sp","Q9NX58","LYAR"
"sp","O15347","HMGB3"
"sp","Q86VQ1","GLCI1"
"sp","P04080","CYTB"
"sp","Q7RTV0","PHF5A"
"sp","P55209","NP1L1"
"sp","Q0VDD8","DYH14"
"sp","Q96T58","MINT"
"sp","Q9UBC2","EP15R"
"sp","O15066","KIF3B"
"sp","Q9UEW8","STK39"
"sp","P36957","ODO2"
"sp","P40818","UBP8"
"sp","Q96J88","ESIP1"
"sp","Q15397","PUM3"
"sp","Q9UL16","CFA45"
"sp","Q13061","TRDN"
"sp","O60281","ZN292"
"sp","P63092","GNAS2"
"sp","P16402","H13"
"sp","P39019","RS19"
"sp","O15511","ARPC5"
"sp","P39210","MPV17"
"sp","Q96GK7","FAH2A"
"sp","P33991","MCM4"
"sp","Q01082","SPTB2"
"sp","Q15382","RHEB"
"sp","O15213","WDR46"
"sp","Q8WXA9","SREK1"
"sp","Q9H299","SH3L3"
"sp","Q9UQB8","BAIP2"
"sp","Q9NUJ1","ABHDA"
"sp","A0FGR8","ESYT2"
"sp","Q96PZ0","PUS7"
"sp","Q8NBS9","TXND5"
"sp","P56545","CTBP2"
"sp","Q7Z5N4","SDK1"
"sp","Q9NRC6","SPTN5"
"sp","Q6DD88","ATLA3"
"sp","Q9BQ52","RNZ2"
"sp","P35580","MYH10"
"sp","Q9NPD3","EXOS4"
"sp","Q5T200","ZC3HD"
"sp","Q5T8P6","RBM26"
"sp","P82914","RT15"
"sp","Q9Y678","COPG1"
"sp","P10155","RO60"
"sp","O15327","INP4B"
"sp","Q9Y3B8","ORN"
"sp","P49368","TCPG"
"sp","P35998","PRS7"
"sp","Q9H2W6","RM46"
"sp","Q16643","DREB"
"sp","P38606","VATA"
"sp","P12814","ACTN1"
"sp","P40967","PMEL"
"sp","O94973","AP2A2"
"sp","P14927","QCR7"
"sp","Q6NUQ4","TM214"
"sp","P19784","CSK22"
"sp","Q00796","DHSO"
"sp","P14550","AK1A1"
"sp","P38159","RBMX"
"sp","Q9P2M7","CING"
"sp","Q13144","EI2BE"
"sp","Q9UJC3","HOOK1"
"sp","Q14789","GOGB1"
"sp","P17812","PYRG1"
"sp","Q99832","TCPH"
"sp","Q07866","KLC1"
"sp","P35579","MYH9"
"sp","P26038","MOES"
"sp","Q9Y617","SERC"
"sp","Q49AJ0","F135B"
"sp","P62495","ERF1"
"sp","O43678","NDUA2"
"sp","P15144","AMPN"
"sp","P49748","ACADV"
"sp","Q96JP2","MY15B"
"sp","Q8NF91","SYNE1"
"sp","O94986","CE152"
"sp","O43809","CPSF5"
"sp","P24941","CDK2"
"sp","P02792","FRIL"
"sp","P07384","CAN1"
"sp","O43172","PRP4"
"sp","O75390","CISY"
"sp","Q8N283","ANR35"
"sp","O43196","MSH5"
"sp","Q13451","FKBP5"
"sp","P60660","MYL6"
"sp","Q9H2G2","SLK"
"sp","Q9NR45","SIAS"
"sp","O60313","OPA1"
"sp","Q16401","PSMD5"
"sp","Q8TDW0","LRC8C"
"sp","Q9BXY0","MAK16"
"sp","Q9P2R7","SUCB1"
"sp","P50991","TCPD"
"sp","Q92530","PSMF1"
"sp","O75608","LYPA1"
"sp","Q9Y5X3","SNX5"
"sp","Q12789","TF3C1"
"sp","Q6NYC8","PPR18"
"sp","P15559","NQO1"
"sp","Q05519","SRS11"
"sp","Q12906","ILF3"
"sp","Q86VP6","CAND1"
"sp","P09884","DPOLA"
"sp","Q5M9N0","CD158"
"sp","P57088","TMM33"
"sp","Q14258","TRI25"
"sp","O14818","PSA7"
"sp","P07900","HS90A"
"sp","Q9HC38","GLOD4"
"sp","Q96ER9","MITOK"
"sp","Q15043","S39AE"
"sp","Q96GM8","TOE1"
"sp","P06280","AGAL"
"sp","Q15653","IKBB"
"sp","Q9UHB9","SRP68"
"sp","Q96M86","DNHD1"
"sp","Q9UM22","EPDR1"
"sp","Q03701","CEBPZ"
"sp","O14939","PLD2"
"sp","Q92896","GSLG1"
"sp","P05107","ITB2"
"sp","Q9NTI5","PDS5B"
"sp","P52746","ZN142"
"sp","P36776","LONM"
"sp","Q8WWQ0","PHIP"
"sp","O43516","WIPF1"
"sp","Q99985","SEM3C"
"sp","Q96ST3","SIN3A"
"sp","P27816","MAP4"
"sp","Q5SSJ5","HP1B3"
"sp","Q5JSZ5","PRC2B"
"sp","Q04637","IF4G1"
"sp","O43488","ARK72"
"sp","P11279","LAMP1"
"sp","Q9NQG5","RPR1B"
"sp","P09914","IFIT1"
"sp","P40227","TCPZ"
"sp","O00429","DNM1L"
"sp","Q9UI32","GLSL"
"sp","Q13129","RLF"
"sp","Q6Y7W6","GGYF2"
"sp","O00555","CAC1A"
"sp","O60716","CTND1"
"sp","Q9H3S1","SEM4A"
"sp","Q03112","MECOM"
"sp","Q9Y3I1","FBX7"
"sp","Q9NRR5","UBQL4"
"sp","O60749","SNX2"
"sp","Q13421","MSLN"
"sp","P53999","TCP4"
"sp","P62937","PPIA"
"sp","P00491","PNPH"
"sp","P30626","SORCN"
"sp","P04843","RPN1"
"sp","P40939","ECHA"
"sp","P23368","MAOM"
"sp","P68371","TBB4B"
"sp","P07437","TBB5"
"sp","Q01082","SPTB2"
"sp","Q92541","RTF1"
"sp","P42126","ECI1"
"sp","P62249","RS16"
"sp","P08237","PFKAM"
"sp","Q96RL7","VP13A"
"sp","Q9HCC0","MCCB"
"sp","O76096","CYTF"
"sp","Q9NX46","ADPRS"
"sp","Q9NVS2","RT18A"
"sp","Q7RTY3","PRS45"
"sp","Q8TCS8","PNPT1"
"sp","Q92882","OSTF1"
"sp","Q16531","DDB1"
"sp","P27105","STOM"
"sp","Q9UHH9","IP6K2"
"sp","Q5VTR2","BRE1A"
"sp","P18669","PGAM1"
"sp","Q15700","DLG2"
"sp","P62807","H2B1C"
"sp","Q14320","FA50A"
"sp","Q5T9S5","CCD18"
"sp","Q16543","CDC37"
"sp","Q99613","EIF3C"
"sp","Q15369","ELOC"
"sp","Q38SD2","LRRK1"
"sp","Q9UHP6","RSP14"
"sp","P38646","GRP75"
"sp","Q96CN5","LRC45"
"sp","Q9Y2F5","ICE1"
"sp","Q8N884","CGAS"
"sp","P53801","PTTG"
"sp","Q9NRX2","RM17"
"sp","Q99575","POP1"
"sp","P29375","KDM5A"
"sp","Q12923","PTN13"
"sp","P04271","S100B"
"sp","P54819","KAD2"
"sp","P40121","CAPG"
"sp","P26373","RL13"
"sp","Q15696","U2AFM"
"sp","Q5T7W0","ZN618"
"sp","Q9BVV6","TALD3"
"sp","Q15008","PSMD6"
"sp","Q14152","EIF3A"
"sp","O75369","FLNB"
"sp","Q14247","SRC8"
"sp","Q7Z7B0","FLIP1"
"sp","O43795","MYO1B"
"sp","O95622","ADCY5"
"sp","Q9H9B4","SFXN1"
"sp","Q92636","FAN"
"sp","P61026","RAB10"
"sp","P61006","RAB8A"
"sp","P0DMV9","HS71B"
"sp","P29144","TPP2"
"sp","O75396","SC22B"
"sp","Q8TDW7","FAT3"
"sp","P69849","NOMO3"
"sp","P13010","XRCC5"
"sp","O14607","UTY"
"sp","Q15154","PCM1"
"sp","Q86WR0","CCD25"
"sp","A2A2Z9","AN18B"
"sp","Q12860","CNTN1"
"sp","Q15652","JHD2C"
"sp","Q6PF05","TT23L"
"sp","Q59H18","TNI3K"
"sp","P62847","RS24"
"sp","Q16181","SEPT7"
"sp","O00233","PSMD9"
"sp","Q9Y3E5","PTH2"
"sp","P26038","MOES"
"sp","Q92499","DDX1"
"sp","O43895","XPP2"
"sp","Q9Y5Z4","HEBP2"
"sp","P28482","MK01"
"sp","P21127","CD11B"
"sp","P52566","GDIR2"
"sp","O14641","DVL2"
"sp","P50402","EMD"
"sp","P43121","MUC18"
"sp","P10809","CH60"
"sp","P25705","ATPA"
"sp","Q15746","MYLK"
"sp","P49792","RBP2"
"sp","Q07020","RL18"
"sp","Q6V1X1","DPP8"
"sp","O43639","NCK2"
"sp","P14618","KPYM"
"sp","P17844","DDX5"
"sp","P50213","IDH3A"
"sp","Q8NI27","THOC2"
"sp","P09960","LKHA4"
"sp","Q13418","ILK"
"sp","Q99497","PARK7"
"sp","P19838","NFKB1"
"sp","P06737","PYGL"
"sp","P35610","SOAT1"
"sp","P48382","RFX5"
"sp","Q96G23","CERS2"
"sp","Q9NZZ3","CHMP5"
"sp","Q9NTK5","OLA1"
"sp","Q9BXX2","AN30B"
"sp","P62191","PRS4"
"sp","Q9Y6A5","TACC3"
"sp","P35269","T2FA"
"sp","P41250","GARS"
"sp","O60832","DKC1"
"sp","D6RIA3","CD054"
"sp","Q06546","GABPA"
"sp","P17980","PRS6A"
"sp","Q8IU81","I2BP1"
"sp","P16452","EPB42"
"sp","P23193","TCEA1"
"sp","P51398","RT29"
"sp","P39656","OST48"
"sp","P15927","RFA2"
"sp","Q5VZ19","TDR10"
"sp","Q9Y6X9","MORC2"
"sp","Q13200","PSMD2"
"sp","P47914","RL29"
"sp","Q9Y6K9","NEMO"
"sp","P30049","ATPD"
"sp","P24539","AT5F1"
"sp","Q99426","TBCB"
"sp","Q7KZ85","SPT6H"
"sp","Q9NY33","DPP3"
"sp","O14745","NHRF1"
"sp","P15311","EZRI"
"sp","Q9UKV3","ACINU"
"sp","Q8IXK0","PHC2"
"sp","P35754","GLRX1"
"sp","Q9UFE4","CCD39"
"sp","O00555","CAC1A"
"sp","Q15459","SF3A1"
"sp","Q68CJ6","SLIP"
"sp","Q9NWV4","CZIB"
"sp","Q7Z7A1","CNTRL"
"sp","Q9UBU9","NXF1"
"sp","Q9H2J4","PDCL3"
"sp","Q9P035","HACD3"
"sp","Q8N1F7","NUP93"
"sp","Q3ZCQ8","TIM50"
"sp","Q9Y6M1","IF2B2"
"sp","Q16825","PTN21"
"sp","Q14674","ESPL1"
"sp","Q86VV8","RTTN"
"sp","Q96QK1","VPS35"
"sp","P25325","THTM"
"sp","P12271","RLBP1"
"sp","Q9UDT6","CLIP2"
"sp","P54578","UBP14"
"sp","P04792","HSPB1"
"sp","Q9Y4R7","TTLL3"
"sp","Q9GZL7","WDR12"
"sp","O00463","TRAF5"
"sp","Q9BWF2","TRAIP"
"sp","Q9Y2W2","WBP11"
"sp","P25786","PSA1"
"sp","Q96DH6","MSI2H"
"sp","Q96PK6","RBM14"
"sp","P78316","NOP14"
"sp","Q96Q06","PLIN4"
"sp","Q9NRR5","UBQL4"
"sp","Q13951","PEBB"
"sp","O95359","TACC2"
"sp","P14314","GLU2B"
"sp","Q9ULW0","TPX2"
"sp","P62081","RS7"
"sp","Q9NQ55","SSF1"
"sp","P19174","PLCG1"
"sp","Q13823","NOG2"
"sp","Q9Y3R5","DOP2"
"sp","P20810","ICAL"
"sp","Q01518","CAP1"
"sp","Q63ZY3","KANK2"
"sp","Q96T52","IMP2L"
"sp","Q9UII2","ATIF1"
"sp","P49588","SYAC"
"sp","Q9Y265","RUVB1"
"sp","Q8NCL8","TM116"
"sp","P08F94","PKHD1"
"sp","Q02880","TOP2B"
"sp","O94875","SRBS2"
"sp","Q9NQA5","TRPV5"
"sp","Q8IUR6","CRERF"
"sp","Q14974","IMB1"
"sp","P61163","ACTZ"
"sp","Q96A19","C102A"
"sp","O14662","STX16"
"sp","P51610","HCFC1"
"sp","Q9NZN9","AIPL1"
"sp","P55265","DSRAD"
"sp","P42766","RL35"
"sp","C9JC47","F157A"
"sp","Q15286","RAB35"
"sp","Q13442","HAP28"
"sp","Q96P48","ARAP1"
"sp","Q03001","DYST"
"sp","Q9BRJ6","CG050"
"sp","Q9Y3D3","RT16"
"sp","P53618","COPB"
"sp","Q5TC82","RC3H1"
"sp","P13796","PLSL"
"sp","Q9BYD3","RM04"
"sp","O00267","SPT5H"
"sp","Q9H2U2","IPYR2"
"sp","O15144","ARPC2"
"sp","Q7Z2W4","ZCCHV"
"sp","P55196","AFAD"
"sp","P49589","SYCC"
"sp","Q9UG63","ABCF2"
"sp","Q9Y2U5","M3K2"
"sp","O95376","ARI2"
"sp","Q8NDH2","CC168"
"sp","Q9ULR3","PPM1H"
"sp","Q13724","MOGS"
"sp","Q5BKZ1","ZN326"
"sp","P55327","TPD52"
"sp","P61081","UBC12"
"sp","P00505","AATM"
"sp","P63151","2ABA"
"sp","P0C0L5","CO4B"
"sp","Q6SA08","TSSK4"
"sp","Q9NYQ8","FAT2"
"sp","P46060","RAGP1"
"sp","P22392","NDKB"
"sp","Q04726","TLE3"
"sp","Q9Y2W1","TR150"
"sp","P18583","SON"
"sp","Q8N3F8","MILK1"
"sp","Q32MZ4","LRRF1"
"sp","O00566","MPP10"
"sp","P54727","RD23B"
"sp","Q9BVC6","TM109"
"sp","Q9UQ13","SHOC2"
"sp","Q9Y277","VDAC3"
"sp","P51159","RB27A"
"sp","O43593","HAIR"
"sp","P16949","STMN1"
"sp","P19367","HXK1"
"sp","Q08380","LG3BP"
"sp","Q8IZU8","DSEL"
"sp","Q15019","SEPT2"
"sp","P24534","EF1B"
"sp","P52292","IMA1"
"sp","Q8TEP8","CE192"
"sp","Q9HAV4","XPO5"
"sp","Q9UBT2","SAE2"
"sp","P53621","COPA"
"sp","Q07666","KHDR1"
"sp","Q5U623","MCAF2"
"sp","P56693","SOX10"
"sp","P01877","IGHA2"
"sp","Q96KB5","TOPK"
"sp","Q9Y2V2","CHSP1"
"sp","Q99961","SH3G1"
"sp","Q86UU1","PHLB1"
"sp","Q96NL0","RUN3B"
"sp","Q9Y3S2","ZN330"
"sp","Q9UHV9","PFD2"
"sp","Q8WXI7","MUC16"
"sp","O15143","ARC1B"
"sp","P78344","IF4G2"
"sp","Q9Y530","OARD1"
"sp","O43665","RGS10"
"sp","P35658","NU214"
"sp","Q8N8S7","ENAH"
"sp","P16930","FAAA"
"sp","Q9H6Q4","CIAO3"
"sp","O43143","DHX15"
"sp","Q8NFH5","NUP35"
"sp","Q13561","DCTN2"
"sp","Q8TEA8","DTD1"
"sp","Q14241","ELOA1"
"sp","P13073","COX41"
"sp","O00507","USP9Y"
"sp","P62993","GRB2"
"sp","Q9NYC9","DYH9"
"sp","Q16698","DECR"
"sp","P28074","PSB5"
"sp","P0DMV9","HS71B"
"sp","P25787","PSA2"
"sp","P41218","MNDA"
"sp","Q5VW32","BROX"
"sp","P98160","PGBM"
"sp","P32119","PRDX2"
"sp","Q96BN8","OTUL"
"sp","P32519","ELF1"
"sp","P48735","IDHP"
"sp","O75874","IDHC"
"sp","Q9Y520","PRC2C"
"sp","Q9Y376","CAB39"
"sp","Q99436","PSB7"
"sp","O43149","ZZEF1"
"sp","P46940","IQGA1"
"sp","Q8NE71","ABCF1"
"sp","P10412","H14"
"sp","Q02318","CP27A"
"sp","Q8TDZ2","MICA1"
"sp","P47897","SYQ"
"sp","Q92835","SHIP1"
"sp","Q71UI9","H2AV"
"sp","P51149","RAB7A"
"sp","Q14185","DOCK1"
"sp","Q2M1Z3","RHG31"
"sp","Q9UQN3","CHM2B"
"sp","P12814","ACTN1"
"sp","Q9Y6E0","STK24"
"sp","Q9H845","ACAD9"
"sp","P46779","RL28"
"sp","P49321","NASP"
"sp","Q99873","ANM1"
"sp","Q09161","NCBP1"
"sp","O75534","CSDE1"
"sp","Q16881","TRXR1"
"sp","P45974","UBP5"
"sp","P61626","LYSC"
"sp","P05362","ICAM1"
"sp","P14324","FPPS"
"sp","O15446","RPA34"
"sp","Q9BSI4","TINF2"
"sp","P60842","IF4A1"
"sp","P16104","H2AX"
"sp","O15062","ZBTB5"
"sp","P50552","VASP"
"CON__Q3SX14;sp","P06396","GELS"
"sp","Q9BZF1","OSBL8"
"sp","Q6P2D8","XRRA1"
"sp","P36551","HEM6"
"sp","P19105","ML12A"
"sp","P51659","DHB4"
"sp","Q86U42","PABP2"
"sp","P50454","SERPH"
"sp","Q96I59","SYNM"
"sp","Q96S44","PRPK"
"sp","P08575","PTPRC"
"CON__ENSEMBL:ENSBTAP00000024146;sp","P01023","A2MG"
"sp","Q9UMS4","PRP19"
"sp","P14868","SYDC"
"sp","O75533","SF3B1"
"sp","Q9H1E3","NUCKS"
"sp","P61981","1433G"
"sp","Q04726","TLE3"
"sp","Q9BSA4","TTYH2"
"sp","Q9BX68","HINT2"
"sp","P48643","TCPE"
"sp","O95886","DLGP3"
"sp","Q96I99","SUCB2"
"sp","O00487","PSDE"
"sp","Q12766","HMGX3"
"sp","P62906","RL10A"
"sp","O75475","PSIP1"
"sp","P52732","KIF11"
"sp","O14776","TCRG1"
"sp","Q6UB35","C1TM"
"sp","P08962","CD63"
"sp","P29401","TKT"
"sp","P33908","MA1A1"
"sp","P49721","PSB2"
"sp","P25788","PSA3"
"sp","Q13315","ATM"
"sp","P06396","GELS"
"sp","O14617","AP3D1"
"sp","Q9BQE3","TBA1C"
"sp","O94874","UFL1"
"sp","Q9NWV8","BABA1"
"sp","Q14376","GALE"
"sp","O14980","XPO1"
"sp","O95218","ZRAB2"
"sp","P30153","2AAA"
"sp","P01130","LDLR"
"sp","P48634","PRC2A"
"sp","Q9Y2L1","RRP44"
"sp","Q8NFC6","BD1L1"
"sp","Q56UN5","M3K19"
"sp","Q01081","U2AF1"
"sp","P60981","DEST"
"sp","Q02978","M2OM"
"sp","Q5JVX7","CA141"
"sp","Q7Z4W1","DCXR"
"sp","Q8NCX0","CC150"
"sp","P40222","TXLNA"
"sp","Q96FE5","LIGO1"
"sp","Q66K74","MAP1S"
"sp","Q9NZL9","MAT2B"
"sp","Q9Y230","RUVB2"
"sp","P04053","TDT"
"sp","Q96G03","PGM2"
"sp","Q13049","TRI32"
"sp","O43709","BUD23"
"sp","Q9P2D1","CHD7"
"sp","O75251","NDUS7"
"sp","Q99650","OSMR"
"sp","P68371","TBB4B"
"sp","Q16720","AT2B3"
"sp","P11940","PABP1"
"sp","O60749","SNX2"
"sp","P43490","NAMPT"
"sp","O00170","AIP"
"sp","Q96AG4","LRC59"
"sp","Q07954","LRP1"
"sp","Q6ZNC8","MBOA1"
"sp","Q86YD1","PTOV1"
"sp","O75081","MTG16"
"sp","Q12824","SNF5"
"sp","P35219","CAH8"
"sp","Q04917","1433F"
"sp","P27348","1433T"
"sp","P31946","1433B"
"sp","Q9Y315","DEOC"
"sp","A0AVT1","UBA6"
"sp","A1KZ92","PXDNL"
"sp","Q6W2J9","BCOR"
"sp","Q96I25","SPF45"
"sp","P61764","STXB1"
"sp","Q13011","ECH1"
"sp","Q15233","NONO"
"sp","P05388","RLA0"
"sp","P21281","VATB2"
"sp","Q6PIF6","MYO7B"
"sp","Q93009","UBP7"
"sp","Q14566","MCM6"
"sp","Q9NZR2","LRP1B"
"sp","Q5FWF6","ZN789"
"sp","Q6ZVH7","ESPNL"
"sp","P20273","CD22"
"sp","O43252","PAPS1"
"sp","Q9ULU4","PKCB1"
"sp","Q8NHU3","SMS2"
"sp","Q9UGP8","SEC63"
"sp","Q9H788","SH24A"
"sp","Q53GS9","SNUT2"
"sp","Q9NVP1","DDX18"
"sp","P51828","ADCY7"
"sp","P15170","ERF3A"
"sp","P47813","IF1AX"
"sp","P52701","MSH6"
"sp","P09110","THIK"
"sp","O94762","RECQ5"
"sp","Q99707","METH"
"sp","Q15637","SF01"
"sp","P04439","HLAA"
"sp","Q8WXQ8","CBPA5"
"sp","Q9NT62","ATG3"
"sp","O15145","ARPC3"
"sp","O14773","TPP1"
"sp","O14949","QCR8"
"sp","Q8N895","ZN366"
"sp","Q99541","PLIN2"
"sp","Q96CN4","EVI5L"
"sp","Q6PI26","SHQ1"
"sp","P25685","DNJB1"
"sp","Q9Y4C8","RBM19"
"sp","O76003","GLRX3"
"sp","Q15056","IF4H"
"sp","O95803","NDST3"
"sp","P16278","BGAL"
"sp","P07814","SYEP"
"sp","Q9BSJ2","GCP2"
"sp","Q14956","GPNMB"
"sp","Q96EY1","DNJA3"
"sp","Q8N2K0","ABD12"
"sp","P04424","ARLY"
"sp","P24043","LAMA2"
"sp","Q96JM2","ZN462"
"sp","Q8TEQ0","SNX29"
"sp","P98164","LRP2"
"sp","P18031","PTN1"
"sp","Q96PN6","ADCYA"
"sp","O75122","CLAP2"
"sp","Q13367","AP3B2"
"sp","P35250","RFC2"
"sp","Q8IWA5","CTL2"
"sp","Q9NYQ7","CELR3"
"sp","Q5S007","LRRK2"
"sp","P02768","ALBU"
"sp","O60885","BRD4"
"sp","Q9NXG2","THUM1"
"sp","P02462","CO4A1"
"sp","Q9NTW7","ZF64B"
"sp","P61224","RAP1B"
"sp","P51532","SMCA4"
"sp","O75306","NDUS2"
"sp","Q9BQE3","TBA1C"
"sp","P57729","RAB38"
"sp","Q9UK10","ZN225"
"sp","P05771","KPCB"
"sp","P52789","HXK2"
"sp","O43447","PPIH"
"sp","Q9Y493","ZAN"
"sp","Q15434","RBMS2"
"sp","O15050","TRNK1"
"sp","Q5T1C6","THEM4"
"sp","Q7Z408","CSMD2"
"sp","Q6ZN08","ZNF66"
"sp","Q9UIG0","BAZ1B"
"sp","Q9H930","SP14L"
"sp","P31689","DNJA1"
"sp","Q8WW22","DNJA4"
"sp","Q5JPF3","AN36C"
"sp","A6NHR9","SMHD1"
"sp","P19652","A1AG2"
"sp","Q13616","CUL1"
"sp","Q6P2C0","WDR93"
"sp","Q9BWE0","REPI1"
"sp","Q8NEZ4","KMT2C"
"sp","Q9GZN8","CT027"
"sp","P16615","AT2A2"
"sp","Q96HE7","ERO1A"
"sp","O43150","ASAP2"
"sp","Q8TC59","PIWL2"
"sp","Q9UKV0","HDAC9"
"sp","Q0IIM8","TBC8B"
"sp","O95674","CDS2"
"sp","Q9NVE7","PANK4"
"sp","P62875","RPAB5"
"sp","Q66K89","E4F1"
"sp","Q00765","REEP5"
"sp","Q8WVB3","HEXD"
"sp","B7Z6K7","ZN814"
"sp","O43896","KIF1C"
"sp","P49756","RBM25"
"sp","P62714","PP2AB"
"sp","Q8IWB7","WDFY1"
"sp","Q9Y217","MTMR6"
"sp","Q96K58","ZN668"
"sp","Q08AD1","CAMP2"
"sp","Q5HYM0","ZC12B"
"sp","O15072","ATS3"
"sp","P08254","MMP3"
"sp","P98175","RBM10"
"sp","O43617","TPPC3"
"sp","Q99986","VRK1"
"sp","P0DJD0","RGPD1"
"sp","P05556","ITB1"
"sp","O94804","STK10"
"sp","Q8NEV8","EXPH5"
"sp","Q6ZNG0","ZN620"
"sp","Q8IWA0","WDR75"
"sp","Q99460","PSMD1"
"sp","Q9Y5L4","TIM13"
"sp","Q9BRX2","PELO"
"sp","Q9NZR2","LRP1B"
"sp","Q96SL1","DIRC2"
"sp","O94812","BAIP3"
"sp","Q9NY30","BTG4"
"sp","Q9UKL3","C8AP2"
"sp","P17858","PFKAL"
"sp","Q13023","AKAP6"
"sp","P53992","SC24C"
"sp","Q6UVJ0","SAS6"
"sp","Q9Y2J2","E41L3"
"sp","Q9H8H2","DDX31"
"sp","Q8NBQ5","DHB11"
"sp","Q7Z3T8","ZFY16"
"sp","Q8TDI8","TMC1"
"sp","Q6PJT7","ZC3HE"
"sp","Q8N392","RHG18"
"sp","Q9NPY3","C1QR1"
"sp","O00411","RPOM"
"sp","Q8IZ83","A16A1"
"sp","P85037","FOXK1"
"sp","Q9ULI1","NWD2"
"sp","Q9UKX3","MYH13"
"sp","Q9H0C8","ILKAP"
"sp","Q9UBM7","DHCR7"
"sp","P49755","TMEDA"
"sp","O00482","NR5A2"
"sp","Q8IWV8","UBR2"
"sp","Q12965","MYO1E"
"sp","Q9C0C9","UBE2O"
"sp","O60271","JIP4"
"sp","O75150","BRE1B"
"sp","Q92954","PRG4"
"sp","Q6ZW61","BBS12"
"sp","O75717","WDHD1"
"sp","Q9HCG1","ZN160"
"sp","Q6ZN06","ZN813"
"sp","Q7L576","CYFP1"
"sp","Q9Y5F9","PCDGI"
"sp","Q96JQ2","CLMN"
"sp","Q96T68","SETB2"
"sp","Q13393","PLD1"
"sp","Q8TB52","FBX30"
"sp","P33992","MCM5"
"sp","Q9NZD8","SPG21"
"sp","P39687","AN32A"
"sp","Q9NZJ4","SACS"
"sp","Q96K83","ZN521"
"sp","Q8IWX7","UN45B"
"sp","Q96N20","ZN75A"
"sp","P03952","KLKB1"
"sp","Q9NUA8","ZBT40"
"sp","Q5T655","CFA58"
"sp","Q9BPU6","DPYL5"
"sp","O75386","TULP3"
"sp","P13861","KAP2"
"sp","Q5VT25","MRCKA"
"sp","Q8TE59","ATS19"
"sp","Q9UHR5","S30BP"
"sp","P28329","CLAT"
"sp","O75626","PRDM1"
"sp","Q9UJW2","TINAG"
"sp","Q5THJ4","VP13D"
"sp","P63173","RL38"
"sp","Q9Y6R9","CCD61"
"sp","Q7RTY8","TMPS7"
"sp","Q9Y6Q2","STON1"
"sp","Q13247","SRSF6"
"sp","Q5FBB7","SGO1"
"sp","P78324","SHPS1"
"sp","Q5VYJ5","MALR1"
"sp","Q8WWL7","CCNB3"
"sp","B2RUY7","VWC2L"
"sp","Q92841","DDX17"
"sp","Q9NZN1","IRPL1"
"sp","P23142","FBLN1"
"sp","Q8N7J2","AMER2"
"sp","C9JSJ3","MEIOS"
"sp","Q9Y3A5","SBDS"
"sp","Q9HBK9","AS3MT"
"sp","P01889","HLAB"
"sp","Q53EQ6","TIGD5"
"sp","Q9UJ41","RABX5"
"sp","Q9Y3C8","UFC1"
"sp","P78406","RAE1L"
"sp","P46778","RL21"
"sp","Q8TD57","DYH3"
"sp","Q9NR50","EI2BG"
"sp","Q13185","CBX3"
"sp","Q9H078","CLPB"
"sp","P52888","THOP1"
"sp","O14979","HNRDL"
"sp","Q99729","ROAA"
"sp","O60437","PEPL"
"sp","Q14657","LAGE3"
"sp","Q13243","SRSF5"
"sp","Q01813","PFKAP"
"sp","Q9Y4E8","UBP15"
"sp","Q13630","FCL"
"sp","Q14671","PUM1"
"sp","Q13242","SRSF9"
"sp","Q01130","SRSF2"
"sp","Q07955","SRSF1"
"sp","Q9BTT0","AN32E"
"sp","Q5JTV8","TOIP1"
"sp","Q9NUQ9","CYRIB"
"sp","Q5SRN2","TSBP1"
"sp","Q53T59","H1BP3"
"sp","P53675","CLH2"
"sp","O95197","RTN3"
"sp","Q9Y266","NUDC"
"sp","P54725","RD23A"
"sp","Q9HD45","TM9S3"
"sp","Q9BVG9","PTSS2"
"sp","O14579","COPE"
"sp","P62330","ARF6"
"sp","Q8IWX8","CHERP"
"sp","Q9Y4I1","MYO5A"
"sp","P09012","SNRPA"
"sp","Q8IYM0","F186B"
"sp","Q9H4A3","WNK1"
"sp","P09104","ENOG"
"sp","P62701","RS4X"
"sp","Q9Y5T5","UBP16"
"sp","Q15717","ELAV1"
"sp","P08621","RU17"
"sp","Q5VT52","RPRD2"
"sp","O60610","DIAP1"
"sp","Q9NTI5","PDS5B"
"sp","P25205","MCM3"
"sp","Q9BZZ5","API5"
"sp","P24863","CCNC"
"sp","Q14498","RBM39"
"sp","Q9BTE3","MCMBP"
"sp","O15357","SHIP2"
"sp","Q9P2H3","IFT80"
"sp","E9PAV3","NACAM"
"sp","P78371","TCPB"
"sp","Q13523","PRP4B"
"sp","Q13480","GAB1"
"sp","O00479","HMGN4"
"sp","O75312","ZPR1"
"sp","P50579","MAP2"
"sp","P33993","MCM7"
"sp","P84077","ARF1"
"sp","P62805","H4"
"sp","P08567","PLEK"
"sp","O60706","ABCC9"
"sp","P51798","CLCN7"
"sp","Q07960","RHG01"
"sp","P50502","F10A1"
"sp","Q6NXE6","ARMC6"
"sp","P51523","ZNF84"
"sp","Q3MHD2","LSM12"
"sp","Q99543","DNJC2"
"sp","Q9UBU7","DBF4A"
"sp","Q6XQN6","PNCB"
"sp","Q9NQX4","MYO5C"
"sp","Q86T90","K1328"
"sp","Q6FHJ7","SFRP4"
"sp","P19388","RPAB1"
"sp","P08238","HS90B"
"sp","P27797","CALR"
"sp","Q9C0B1","FTO"
"sp","Q9BYG3","MK67I"
"sp","Q9UL46","PSME2"
"sp","P61254","RL26"
"sp","Q9BSJ8","ESYT1"
"sp","Q9Y3B9","RRP15"
"sp","P43304","GPDM"
"sp","P21912","SDHB"
"sp","O75822","EIF3J"
"sp","P21283","VATC1"
"sp","P37802","TAGL2"
"sp","Q13136","LIPA1"
"sp","P54289","CA2D1"
"sp","Q7Z3B4","NUP54"
"sp","Q6IBS0","TWF2"
"sp","P05026","AT1B1"
"sp","P06756","ITAV"
"sp","P60953","CDC42"
"sp","Q659C4","LAR1B"
"sp","Q92667","AKAP1"
"sp","P61758","PFD3"
"sp","O95202","LETM1"
"sp","Q9HCD5","NCOA5"
"sp","P43243","MATR3"
"sp","P23470","PTPRG"
"sp","Q9NWS1","PARI"
"sp","P35240","MERL"
"sp","P42898","MTHR"
"sp","Q2TB10","ZN800"
"sp","Q05086","UBE3A"
"sp","Q8TF40","FNIP1"
"sp","Q4G0J3","LARP7"
"sp","Q9C0C2","TB182"
"sp","Q9NZ01","TECR"
"sp","Q04446","GLGB"
"sp","Q9UHQ4","BAP29"
"sp","Q8IX12","CCAR1"
"sp","O94804","STK10"
"sp","P42566","EPS15"
"sp","Q9NRD9","DUOX1"
"sp","Q6YHU6","THADA"
"sp","Q09028","RBBP4"
"sp","Q96T23","RSF1"
"sp","O00750","P3C2B"
"sp","Q9Y5X1","SNX9"
"sp","Q9Y680","FKBP7"
"sp","Q99653","CHP1"
"sp","Q14159","SPIDR"
"sp","Q8NC51","PAIRB"
"sp","Q14498","RBM39"
"sp","Q13428","TCOF"
"sp","O60341","KDM1A"
"sp","Q658Y4","F91A1"
"sp","P63244","RACK1"
"sp","Q8ND56","LS14A"
"sp","Q14108","SCRB2"
"sp","O96028","NSD2"
"sp","Q15003","CND2"
"sp","Q92538","GBF1"
"sp","Q7Z6E9","RBBP6"
"sp","A2RUS2","DEND3"
"sp","Q9NTZ6","RBM12"
"sp","Q6PKG0","LARP1"
"sp","Q13283","G3BP1"
"sp","O95789","ZMYM6"
"sp","P49915","GUAA"
"sp","Q86X95","CIR1"
"sp","Q9BZE4","GTPB4"
"sp","Q2M1P5","KIF7"
"sp","P12236","ADT3"
"sp","P12235","ADT1"
"sp","P11177","ODPB"
"sp","Q13838","DX39B"
"sp","Q04760","LGUL"
"sp","P23284","PPIB"
"sp","O00370","LORF2"
"sp","P32969","RL9"
"sp","Q14676","MDC1"
"sp","P17480","UBF1"
"sp","P35606","COPB2"
"sp","P56134","ATPK"
"sp","P23921","RIR1"
"sp","O00264","PGRC1"
"sp","Q2M2H8","MGAL"
"sp","O43310","CTIF"
"sp","O75531","BAF"
"sp","P11216","PYGB"
"sp","P04075","ALDOA"
"sp","P33527","MRP1"
"sp","O75528","TADA3"
"sp","Q9UKA2","FBXL4"
"sp","P17655","CAN2"
"sp","P30040","ERP29"
"sp","P61604","CH10"
"sp","P30041","PRDX6"
"sp","Q13867","BLMH"
"sp","P01889","HLAB"
"sp","P30101","PDIA3"
"sp","Q8NFW1","COMA1"
"sp","O75417","DPOLQ"
"sp","P09382","LEG1"
"sp","Q13620","CUL4B"
"sp","Q92922","SMRC1"
"sp","Q14157","UBP2L"
"sp","Q92769","HDAC2"
"sp","P51911","CNN1"
"sp","Q9Y295","DRG1"
"sp","Q8N183","NDUF2"
"sp","O43707","ACTN4"
"sp","P13693","TCTP"
"sp","P11413","G6PD"
"sp","Q13057","COASY"
"sp","P31942","HNRH3"
"sp","O94823","AT10B"
"sp","O94925","GLSK"
"sp","Q2NL82","TSR1"
"sp","Q8N1G4","LRC47"
"sp","Q92504","S39A7"
"sp","Q8N9C0","IGS22"
"sp","P54274","TERF1"
"sp","Q15651","HMGN3"
"sp","O00754","MA2B1"
"sp","Q9HDC9","APMAP"
"sp","P28072","PSB6"
"sp","Q9BY44","EIF2A"
"sp","O00159","MYO1C"
"sp","Q99816","TS101"
"sp","Q5SRE5","NU188"
"sp","O00625","PIR"
"sp","Q149M9","NWD1"
"sp","Q96T37","RBM15"
"sp","Q7L5Y1","ENOF1"
"sp","P31949","S10AB"
"sp","Q14444","CAPR1"
"sp","P22087","FBRL"
"sp","Q6UW63","PLGT2"
"sp","Q16555","DPYL2"
"sp","P46087","NOP2"
"sp","O75694","NU155"
"sp","Q5SVQ8","ZBT41"
"sp","P63279","UBC9"
"sp","Q13555","KCC2G"
"sp","O00767","SCD"
"sp","Q9NQW7","XPP1"
"sp","Q2M389","WASC4"
"sp","P52907","CAZA1"
"sp","Q96FJ2","DYL2"
"sp","Q5TBA9","FRY"
"sp","P20839","IMDH1"
"sp","O60264","SMCA5"
"sp","P49257","LMAN1"
"sp","P52434","RPAB3"
"sp","Q9NP97","DLRB1"
"sp","P09525","ANXA4"
"sp","Q9ULG1","INO80"
"sp","Q8N8Q8","COX18"
"sp","Q13547","HDAC1"
"sp","Q8TAQ2","SMRC2"
"sp","P62273","RS29"
"sp","P46777","RL5"
"sp","Q9H0S4","DDX47"
"sp","Q7L1Q6","BZW1"
"sp","Q15418","KS6A1"
"sp","Q86XP3","DDX42"
"sp","Q92608","DOCK2"
"sp","Q7Z5L9","I2BP2"
"sp","P00387","NB5R3"
"sp","Q92621","NU205"
"sp","Q86WT6","TRI69"
"sp","Q9Y5H5","PCDA9"
"sp","Q9UHI8","ATS1"
"sp","P62753","RS6"
"sp","Q8TAT6","NPL4"
"sp","O94905","ERLN2"
"sp","Q6ZMW3","EMAL6"
"sp","P47755","CAZA2"
"sp","O00231","PSD11"
"sp","O43529","CHSTA"
"sp","P62854","RS26"
"sp","O43933","PEX1"
"sp","Q13573","SNW1"
"sp","P40763","STAT3"
"sp","P98082","DAB2"
"sp","P61160","ARP2"
"sp","P04083","ANXA1"
"sp","Q99598","TSNAX"
"sp","O75131","CPNE3"
"sp","Q99829","CPNE1"
"sp","Q9HCL3","ZFP14"
"sp","O94913","PCF11"
"sp","Q9NY27","PP4R2"
"sp","Q9BV57","MTND"
"sp","Q6IQ55","TTBK2"
"sp","Q9BVP2","GNL3"
"sp","Q13017","RHG05"
"sp","Q9BW66","CINP"
"sp","Q9BPX3","CND3"
"sp","P49720","PSB3"
"sp","Q12768","WASC5"
"sp","O14497","ARI1A"
"sp","P26583","HMGB2"
"sp","O75821","EIF3G"
"sp","Q5T9A4","ATD3B"
"sp","P12268","IMDH2"
"sp","P21333","FLNA"
"sp","P61978","HNRPK"
"sp","Q99714","HCD2"
"sp","Q15021","CND1"
"sp","Q53EL6","PDCD4"
"sp","Q9BYW2","SETD2"
"sp","Q5QJE6","TDIF2"
"sp","Q14165","MLEC"
"sp","P60903","S10AA"
"sp","Q9H1R2","DUS15"
"sp","P40925","MDHC"
"sp","Q9H3K6","BOLA2"
"sp","P46379","BAG6"
"sp","P54886","P5CS"
"sp","O95104","SCAF4"
"sp","P09497","CLCB"
"sp","Q86W92","LIPB1"
"sp","Q02224","CENPE"
"sp","Q6UX53","MET7B"
"sp","Q5HYC2","K2026"
"sp","P08754","GNAI3"
"sp","Q9BXF3","CECR2"
"sp","Q6PCB7","S27A1"
"sp","Q9UJS0","CMC2"
"sp","Q9BRK5","CAB45"
"sp","P31937","3HIDH"
"sp","P49419","AL7A1"
"sp","P50395","GDIB"
"sp","Q8IY85","EFC13"
"sp","P41743","KPCI"
"sp","P51812","KS6A3"
"sp","Q13148","TADBP"
"sp","Q8TAB3","PCD19"
"sp","O00571","DDX3X"
"sp","Q6NUP7","PP4R4"
"sp","Q86TE4","LUZP2"
"sp","P42677","RS27"
"sp","Q5JTH9","RRP12"
"sp","Q00535","CDK5"
"sp","B7ZC32","KIF28"
"sp","Q9ULR0","ISY1"
"sp","P00492","HPRT"
"sp","Q14CX7","NAA25"
"sp","O94903","PLPHP"
"sp","O95721","SNP29"
"sp","Q8TD06","AGR3"
"sp","Q9NVJ2","ARL8B"
"sp","Q6ZP01","RBM44"
"sp","Q9UNM6","PSD13"
"sp","Q12889","OVGP1"
"sp","O75940","SPF30"
"sp","Q09328","MGT5A"
"sp","O43290","SNUT1"
"sp","Q9H461","FZD8"
"sp","Q8WUM4","PDC6I"
"sp","Q14137","BOP1"
"sp","P53004","BIEA"
"sp","Q07065","CKAP4"
"sp","P41227","NAA10"
"sp","P29350","PTN6"
"sp","P30048","PRDX3"
"sp","P16949","STMN1"
"sp","P05181","CP2E1"
"sp","P60709","ACTB"
"sp","Q96CS3","FAF2"
"sp","Q8TCT9","HM13"
"sp","A6NHQ2","FBLL1"
"sp","Q8TEU7","RPGF6"
"sp","O76094","SRP72"
"sp","P62826","RAN"
"sp","P60709","ACTB"
"sp","Q8TDD1","DDX54"
"sp","O75844","FACE1"
"sp","Q8WZA0","LZIC"
"sp","P52756","RBM5"
"sp","Q9Y5J1","UTP18"
"sp","Q8NEY8","PPHLN"
"sp","Q13613","MTMR1"
"sp","Q02218","ODO1"
"sp","Q9NQ76","MEPE"
"sp","Q13637","RAB32"
"sp","O15118","NPC1"
"sp","P63104","1433Z"
"sp","O43719","HTSF1"
"sp","O75131","CPNE3"
"sp","Q8WWM7","ATX2L"
"sp","Q96RP9","EFGM"
"sp","Q15032","R3HD1"
"sp","Q13347","EIF3I"
"sp","Q96JB5","CK5P3"
"sp","Q9HCM1","RESF1"
"sp","Q9BQT9","CSTN3"
"sp","Q9Y285","SYFA"
"sp","P07339","CATD"
"sp","Q9Y6V7","DDX49"
"sp","Q7Z3S7","CA2D4"
"sp","Q15427","SF3B4"
"sp","P17098","ZNF8"
"sp","Q9UBL3","ASH2L"
"sp","Q3L8U1","CHD9"
"sp","P82675","RT05"
"sp","P15104","GLNA"
"sp","Q9P2D6","F135A"
"sp","Q4KWH8","PLCH1"
"sp","Q13405","RM49"
"sp","Q15738","NSDHL"
"sp","B0I1T2","MYO1G"
"sp","P06744","G6PI"
"sp","Q8IZU9","KIRR3"
"sp","Q00169","PIPNA"
"sp","Q9BZE1","RM37"
"sp","Q7Z443","PK1L3"
"sp","Q8TF30","WHAMM"
"sp","P35251","RFC1"
"sp","A6NLC8","YE016"
"sp","O95139","NDUB6"
"sp","P29973","CNGA1"
"sp","P00338","LDHA"
"sp","Q9HCG8","CWC22"
"sp","Q969Z0","FAKD4"
"sp","P43897","EFTS"
"sp","Q9UPM8","AP4E1"
"sp","A8MYB1","TMC5B"
"sp","P01111","RASN"
"sp","O60828","PQBP1"
"sp","Q9Y606","TRUA"
"sp","P52597","HNRPF"
"sp","Q9BZI7","REN3B"
"sp","A6NNT2","CP096"
"sp","Q9H4L7","SMRCD"
"sp","P11309","PIM1"
"sp","Q9NX05","F120C"
"sp","O94979","SC31A"
"sp","Q9UDY8","MALT1"
"sp","P23759","PAX7"
"sp","Q9UK32","KS6A6"
"sp","P15531","NDKA"
"sp","Q68DN1","CB016"
"sp","Q9BYS8","LRRC2"
"sp","Q16549","PCSK7"
"sp","Q15287","RNPS1"
"sp","O43395","PRPF3"
"sp","Q6IA86","ELP2"
"sp","O43852","CALU"
"sp","Q53S08","RAB6D"
"sp","Q5GH72","XKR7"
"sp","Q9UJA5","TRM6"
"sp","Q8IZD0","SAM14"
"sp","P26368","U2AF2"
"sp","Q9NQV7","PRDM9"
"sp","P07686","HEXB"
"sp","Q9NPJ6","MED4"
"sp","Q7Z4V5","HDGR2"
"sp","P84101","SERF2"
"sp","Q15004","PAF15"
"sp","Q15431","SYCP1"
"sp","O60763","USO1"
"sp","P10721","KIT"
"sp","Q9NTJ3","SMC4"
"sp","Q8IYT4","KATL2"
"sp","P51452","DUS3"
"sp","Q15029","U5S1"
"sp","P56537","IF6"
"sp","P07737","PROF1"
"sp","P00533","EGFR"
"sp","P83881","RL36A"
"sp","Q969Q0","RL36L"
"sp","Q9NVU7","SDA1"
"sp","P00367","DHE3"
"sp","P07737","PROF1"
"sp","Q14847","LASP1"
"sp","O00505","IMA4"
"sp","Q9C0E8","LNP"
"sp","Q9UH99","SUN2"
"sp","Q9HAW4","CLSPN"
"sp","Q70EL1","UBP54"
"sp","P27348","1433T"
"sp","Q14527","HLTF"
"sp","Q8N4P2","TT30B"
"sp","Q14011","CIRBP"
"sp","Q6ISS4","LAIR2"
"sp","P60709","ACTB"
"sp","O95747","OXSR1"
"sp","Q15643","TRIPB"
"sp","O14908","GIPC1"
"sp","Q5BJF6","ODFP2"
"sp","Q9P253","VPS18"
"sp","Q7Z739","YTHD3"
"sp","O95477","ABCA1"
"sp","Q16864","VATF"
"sp","P51665","PSMD7"
"sp","O60664","PLIN3"
"sp","Q8WZA1","PMGT1"
"sp","P08243","ASNS"
"sp","Q8NHQ9","DDX55"
"sp","O60762","DPM1"
"sp","Q13769","THOC5"
"sp","P55735","SEC13"
"sp","Q04837","SSBP"
"sp","Q06187","BTK"
"sp","O43776","SYNC"
"sp","P23297","S10A1"
"sp","Q9NUL3","STAU2"
"sp","P55072","TERA"
"sp","P07099","HYEP"
"sp","Q96BK5","PINX1"
"sp","Q13619","CUL4A"
"sp","P55957","BID"
"sp","P61353","RL27"
"sp","O60568","PLOD3"
"sp","Q92854","SEM4D"
"sp","Q96KP4","CNDP2"
"sp","O76031","CLPX"
"sp","P38919","IF4A3"
"sp","O60216","RAD21"
"sp","P25398","RS12"
"sp","O76083","PDE9A"
"sp","Q9NRD5","PICK1"
"sp","Q9GZZ1","NAA50"
"sp","P06744","G6PI"
"sp","P68366","TBA4A"
"sp","Q9H6S0","YTDC2"
"sp","O60256","KPRB"
"sp","Q15185","TEBP"
"sp","Q05BQ5","MBTD1"
"sp","Q7Z739","YTHD3"
"sp","Q9Y5A9","YTHD2"
"sp","Q8N8N7","PTGR2"
"sp","P61011","SRP54"
"sp","Q5VT06","CE350"
"sp","P57678","GEMI4"
"sp","Q8TEB1","DCA11"
"sp","Q9UHL4","DPP2"
"sp","O43869","OR2T1"
"sp","Q8N6T3","ARFG1"
"sp","P61106","RAB14"
"sp","Q9Y6W5","WASF2"
"sp","P30038","AL4A1"
"sp","P50238","CRIP1"
"sp","Q86VM9","ZCH18"
"sp","Q96MG7","NSE3"
"sp","Q13098","CSN1"
"sp","P22626","ROA2"
"sp","P51991","ROA3"
"sp","P09651","ROA1"
"sp","Q6NUK1","SCMC1"
"sp","P26599","PTBP1"
"sp","Q9P015","RM15"
"sp","Q13162","PRDX4"
"sp","Q8IU60","DCP2"
"sp","O95625","ZBT11"
"sp","P37268","FDFT"
"sp","P62280","RS11"
"sp","P15121","ALDR"
"sp","P12268","IMDH2"
"sp","P04264","K2C1"
"sp","Q9Y4F1","FARP1"
"sp","O75083","WDR1"
"sp","P07203","GPX1"
"sp","P20042","IF2B"
"sp","Q9BRT9","SLD5"
"sp","O95881","TXD12"
"sp","Q9Y490","TLN1"
"sp","Q5VTE0","EF1A3"
"sp","P27695","APEX1"
"sp","O15297","PPM1D"
"sp","P21817","RYR1"
"sp","Q8N1G0","ZN687"
"sp","Q969R2","OSBP2"
"sp","O60701","UGDH"
"sp","O60925","PFD1"
"sp","Q05682","CALD1"
"sp","Q15005","SPCS2"
"sp","P43034","LIS1"
"sp","Q13310","PABP4"
"sp","O95361","TRI16"
"sp","P33121","ACSL1"
"sp","Q9NNX1","TUFT1"
"sp","Q9BU76","MMTA2"
"sp","O75368","SH3L1"
"sp","Q7Z422","SZRD1"
"sp","Q9BVJ6","UT14A"
"sp","P28070","PSB4"
"sp","Q93034","CUL5"
"sp","Q6P2E9","EDC4"
"sp","P60174","TPIS"
"sp","Q9Y2X3","NOP58"
"sp","Q9Y314","NOSIP"
"sp","P19525","E2AK2"
"sp","O00541","PESC"
"sp","Q9H8Y5","ANKZ1"
"sp","Q6PII3","CC174"
"sp","Q96IU4","ABHEB"
"sp","Q13595","TRA2A"
"sp","O95433","AHSA1"
"sp","P13797","PLST"
"sp","P49366","DHYS"
"sp","P62750","RL23A"
"sp","Q15428","SF3A2"
"sp","Q5T036","F120S"
"sp","P62841","RS15"
"sp","Q9Y618","NCOR2"
"sp","Q8WUY3","PRUN2"
"sp","Q9NP81","SYSM"
"sp","Q9UJP4","KLH21"
"sp","P55145","MANF"
"sp","Q7Z2Z2","EFL1"
"sp","Q9ULX3","NOB1"
"sp","Q8WXX5","DNJC9"
"sp","Q8WXE0","CSKI2"
"sp","Q8TBY9","CF251"
"sp","Q8N0X7","SPART"
"sp","P41240","CSK"
"sp","Q13601","KRR1"
"sp","Q13619","CUL4A"
"sp","P42166","LAP2A"
"sp","Q96A33","CCD47"
"sp","P22307","SCP2"
"sp","Q14005","IL16"
"sp","O75351","VPS4B"
"sp","O95571","ETHE1"
"sp","Q9H9J2","RM44"
"sp","Q8N1W1","ARG28"
"sp","Q15631","TSN"
"sp","Q13439","GOGA4"
"sp","Q9Y4G6","TLN2"
"sp","Q14151","SAFB2"
"sp","Q9BQ75","CMS1"
"sp","P53803","RPAB4"
"sp","Q92994","TF3B"
"sp","Q9NTJ5","SAC1"
"sp","Q8IX21","SLF2"
"sp","P54277","PMS1"
"sp","P43487","RANG"
"sp","Q16655","MAR1"
"sp","P35613","BASI"
"sp","Q9NUM4","T106B"
"sp","Q9P0V3","SH3B4"
"sp","O43823","AKAP8"
"sp","Q8WU90","ZC3HF"
"sp","P82970","HMGN5"
"sp","P11171","EPB41"
"sp","Q96SU4","OSBL9"
"sp","P51813","BMX"
"sp","Q9P2R3","ANFY1"
"sp","Q8N7H5","PAF1"
"sp","Q96JA3","PKHA8"
"sp","Q9HCK1","ZDBF2"
"sp","Q15121","PEA15"
"sp","P54725","RD23A"
"CON__Q3SX28;sp","P06753","TPM3"
"sp","P49407","ARRB1"
"sp","Q9UK76","JUPI1"
"sp","Q86UE4","LYRIC"
"sp","P63241","IF5A1"
"sp","P17174","AATC"
"sp","P10606","COX5B"
"sp","P78417","GSTO1"
"sp","P07900","HS90A"
"sp","O43598","DNPH1"
"sp","P33241","LSP1"
"sp","P35244","RFA3"
"CON__P01030;CON__ENSEMBL:ENSBTAP00000007350;sp","P0C0L5","CO4B"
"sp","P09651","ROA1"
"sp","Q06210","GFPT1"
"sp","Q9H3G5","CPVL"
"sp","Q14246","AGRE1"
"sp","Q3MIX3","ADCK5"
"sp","P08670","VIME"
"sp","O75348","VATG1"
"sp","P12036","NFH"
"sp","O95292","VAPB"
"sp","Q6R2W3","SCND3"
"sp","Q9NYF8","BCLF1"
"sp","O43747","AP1G1"
"sp","Q5VWG9","TAF3"
"sp","P53814","SMTN"
"sp","Q6ZT62","BGIN"
"sp","P58335","ANTR2"
"sp","Q3KQV9","UAP1L"
"sp","Q99729","ROAA"
"sp","Q5BJE1","CC178"
"sp","Q9C091","GRB1L"
"sp","O95461","LARG1"
"sp","Q15293","RCN1"
"sp","Q9Y5K8","VATD"
"sp","Q9NPR9","GP108"
"sp","Q92478","CLC2B"
"sp","Q15785","TOM34"
"sp","O14647","CHD2"
"sp","O95166","GBRAP"
"sp","Q92552","RT27"
"sp","O60711","LPXN"
"sp","Q75T13","PGAP1"
"sp","P42574","CASP3"
"sp","Q9UL51","HCN2"
"sp","Q9UPN4","CP131"
"sp","Q1MSJ5","CSPP1"
"sp","Q96Q11","TRNT1"
"sp","Q13547","HDAC1"
"sp","Q6P597","KLC3"
"sp","Q9Y3U8","RL36"
"sp","Q9UNN5","FAF1"
"sp","Q8N766","EMC1"
"sp","Q6GQQ9","OTU7B"
"sp","Q96CW1","AP2M1"
"sp","Q9Y6I3","EPN1"
"sp","A6H8Y1","BDP1"
"sp","Q15024","EXOS7"
"sp","P13521","SCG2"
"sp","Q92793","CBP"
"sp","Q8NBI5","S43A3"
"sp","O75391","SPAG7"
"sp","Q8WTT2","NOC3L"
"sp","Q92804","RBP56"
"sp","Q01105","SET"
"sp","P58546","MTPN"
"sp","O00410","IPO5"
"sp","A6NE01","F186A"
"sp","O00203","AP3B1"
"sp","P20073","ANXA7"
"sp","P10619","PPGB"
"sp","A1A4S6","RHG10"
"sp","O15372","EIF3H"
"sp","Q9BPZ3","PAIP2"
"sp","Q68CK6","ACS2B"
"sp","P32322","P5CR1"
"sp","Q01118","SCN7A"
"sp","O43683","BUB1"
"sp","Q9Y2U8","MAN1"
"sp","P06703","S10A6"
"sp","Q9UGI8","TES"
"sp","P62857","RS28"
"sp","Q9UKD2","MRT4"
"sp","Q13217","DNJC3"
"sp","Q6MZP7","LIN54"
"sp","Q08722","CD47"
"sp","O43759","SNG1"
"sp","Q12797","ASPH"
"sp","O95239","KIF4A"
"sp","P62987","RL40"
"sp","Q13492","PICAL"
"sp","Q15392","DHC24"
"sp","P40938","RFC3"
"sp","Q9Y224","RTRAF"
"sp","Q9UEF7","KLOT"
"sp","P30405","PPIF"
"sp","A4FU69","EFCB5"
"sp","P01031","CO5"
"sp","Q9Y6N5","SQOR"
"sp","P62879","GBB2"
"sp","Q9ULC4","MCTS1"
"sp","Q9NYQ6","CELR1"
"sp","P26599","PTBP1"
"sp","Q9Y388","RBMX2"
"sp","Q6NZI2","CAVN1"
"sp","Q16637","SMN"
"sp","Q9NS00","C1GLT"
"sp","Q9P2L0","WDR35"
"sp","P31943","HNRH1"
"sp","Q8TED0","UTP15"
"sp","O94885","SASH1"
"sp","P35080","PROF2"
"sp","Q08J23","NSUN2"
"sp","P37840","SYUA"
"sp","Q15120","PDK3"
"sp","O75448","MED24"
"sp","Q8NEZ3","WDR19"
"sp","P61019","RAB2A"
"sp","Q15018","ABRX2"
"sp","Q96HP4","OXND1"
"sp","O43865","SAHH2"
"sp","Q9P2P5","HECW2"
"sp","Q15542","TAF5"
"sp","A6NCW0","U17L3"
"sp","P45983","MK08"
"sp","P27635","RL10"
"sp","P84243","H33"
"sp","P13686","PPA5"
"sp","Q5JSJ4","INT6L"
"sp","Q99661","KIF2C"
"sp","A8MX76","CAN14"
"sp","P42285","MTREX"
"sp","Q15843","NEDD8"
"sp","P47985","UCRI"
"sp","Q5T0U0","CC122"
"sp","Q5VU57","CBPC6"
"sp","Q12792","TWF1"
"sp","Q9NR31","SAR1A"
"sp","Q13591","SEM5A"
"sp","Q9NTG1","PKDRE"
"sp","Q15257","PTPA"
"sp","Q8IZH2","XRN1"
"sp","P20941","PHOS"
"sp","P23528","COF1"
"sp","P43246","MSH2"
"sp","Q9BS40","LXN"
"sp","O43818","U3IP2"
"sp","P62807","H2B1C"
"sp","Q13884","SNTB1"
"sp","O60884","DNJA2"
"sp","O75436","VP26A"
"sp","O75146","HIP1R"
"sp","Q92736","RYR2"
"sp","Q6YHK3","CD109"
"sp","Q8IYV9","IZUM1"
"sp","P13674","P4HA1"
"sp","Q9NW82","WDR70"
"sp","P26038","MOES"
"sp","O43491","E41L2"
"sp","P36507","MP2K2"
"sp","P11388","TOP2A"
"sp","P10599","THIO"
"sp","P05120","PAI2"
"sp","Q8IVF5","TIAM2"
"sp","Q6ZP82","CC141"
"sp","Q8N0Y2","ZN444"
"sp","Q96M96","FGD4"
"sp","Q659A1","ICE2"
"sp","P56385","ATP5I"
"sp","P30046","DOPD"
"sp","P13489","RINI"
"sp","Q13596","SNX1"
"sp","P26196","DDX6"
"sp","Q9H8S9","MOB1A"
"sp","P60842","IF4A1"
"sp","Q5JRX3","PREP"
"sp","O00584","RNT2"
"sp","P09661","RU2A"
"sp","P67775","PP2AA"
"sp","P42224","STAT1"
"sp","Q96C86","DCPS"
"sp","Q9UMX5","NENF"
"sp","Q9BVS5","TR61B"
"sp","Q9NP66","HM20A"
"sp","O95319","CELF2"
"sp","O96008","TOM40"
"sp","Q8NFP4","MDGA1"
"sp","Q99081","HTF4"
"sp","P08579","RU2B"
"sp","P30533","AMRP"
"sp","Q460N5","PAR14"
"sp","P11388","TOP2A"
"sp","A0AVF1","IFT56"
"sp","P14625","ENPL"
"sp","Q06124","PTN11"
"sp","Q6IQ19","CCSAP"
"sp","Q8TEX9","IPO4"
"sp","Q13177","PAK2"
"sp","Q9NPA8","ENY2"
"sp","P46020","KPB1"
"sp","Q99471","PFD5"
"sp","Q9UPT8","ZC3H4"
"sp","Q9UI10","EI2BD"
"sp","P25815","S100P"
"sp","P26447","S10A4"
"sp","P12111","CO6A3"
"sp","O75116","ROCK2"
"sp","P36639","8ODP"
"sp","O14828","SCAM3"
"sp","P49841","GSK3B"
"sp","Q9H4E7","DEFI6"
"sp","Q6FI81","CPIN1"
"sp","Q9P2X0","DPM3"
"sp","Q93045","STMN2"
"sp","Q9Y2Z0","SGT1"
"sp","P11172","UMPS"
"sp","P30050","RL12"
"sp","O15488","GLYG2"
"sp","Q6NW29","RWDD4"
"sp","O60636","TSN2"
"sp","O00422","SAP18"
"sp","P22061","PIMT"
"sp","Q9H4M9","EHD1"
"sp","O43169","CYB5B"
"sp","Q9Y2S6","TMA7"
"sp","P30085","KCY"
"sp","Q86SQ7","SDCG8"
"sp","Q9UMD9","COHA1"
"sp","Q16576","RBBP7"
"sp","P62899","RL31"
"sp","O43765","SGTA"
"sp","P27348","1433T"
"sp","P33176","KINH"
"sp","Q6NVY1","HIBCH"
"sp","P51153","RAB13"
"sp","Q9UBQ5","EIF3K"
"sp","Q9NYL9","TMOD3"
"sp","Q14739","LBR"
"sp","Q10471","GALT2"
"sp","P46977","STT3A"
"sp","P52294","IMA5"
"sp","Q9UNS2","CSN3"
"sp","P60891","PRPS1"
"sp","O14917","PCD17"
"sp","Q09472","EP300"
"sp","Q9BXX2","AN30B"
"sp","O96019","ACL6A"
"sp","O43615","TIM44"
"sp","Q8WVJ2","NUDC2"
"sp","Q96SB4","SRPK1"
"sp","Q12874","SF3A3"
"sp","P63208","SKP1"
"sp","P81133","SIM1"
"sp","Q15046","SYK"
"sp","P09234","RU1C"
"sp","Q12796","PNRC1"
"sp","Q9Y6J9","TAF6L"
"sp","O75400","PR40A"
"sp","Q96EV2","RBM33"
"sp","Q9NYQ6","CELR1"
"sp","P16442","BGAT"
"sp","P09651","ROA1"
"sp","Q8NEV1","CSK23"
"sp","Q9Y262","EIF3L"
"sp","Q9BVI4","NOC4L"
"sp","Q92914","FGF11"
"sp","Q16563","SYPL1"
"sp","P16615","AT2A2"
"sp","O60333","KIF1B"
"sp","P17096","HMGA1"
"sp","Q9Y547","IFT25"
"sp","O94832","MYO1D"
"sp","P01023","A2MG"
"sp","Q8WXE0","CSKI2"
"sp","Q8N7Z2","GG6L1"
"sp","Q96NY9","MUS81"
"sp","Q6P0N0","M18BP"
"sp","P40126","TYRP2"
"sp","P84095","RHOG"
"sp","Q5TFQ8","SIRBL"
"sp","P05141","ADT2"
"sp","Q96QB1","RHG07"
"sp","P18621","RL17"
"sp","Q9UBS4","DJB11"
"sp","Q08378","GOGA3"
"sp","Q9UEY8","ADDG"
"sp","Q8IXI1","MIRO2"
"sp","Q86UF4","CC190"
"sp","Q9HCK0","ZBT26"
"sp","Q53H82","LACB2"
"sp","Q8NE71","ABCF1"
"sp","Q9UNE7","CHIP"
"sp","Q58FF6","H90B4"
"sp","Q8WXF1","PSPC1"
"sp","Q15126","PMVK"
"sp","Q9Y2D5","AKAP2"
"sp","Q14103","HNRPD"
"sp","P29372","3MG"
"sp","Q8IYE1","CCD13"
"sp","Q68D10","SPT2"
"sp","Q03989","ARI5A"
"sp","Q9Y3T9","NOC2L"
"sp","Q96B97","SH3K1"
"sp","Q96HA4","CA159"
"sp","Q5JTJ3","COA6"
"sp","P50281","MMP14"
"sp","Q9P2D3","HTR5B"
"sp","Q8NI17","IL31R"
"sp","P61326","MGN"
"sp","Q969H8","MYDGF"
"sp","Q8TCJ2","STT3B"
"sp","Q5U5Z8","CBPC2"
"sp","O00193","SMAP"
"sp","P04181","OAT"
"sp","O75832","PSD10"
"sp","Q9UK45","LSM7"
"sp","Q9C000","NLRP1"
"sp","Q32P28","P3H1"
"sp","Q5T1M5","FKB15"
"sp","P15260","INGR1"
"sp","O43313","ATMIN"
"sp","P09601","HMOX1"
"sp","Q92973","TNPO1"
"sp","O95478","NSA2"
"sp","P82930","RT34"
"sp","P16070","CD44"
"sp","Q8WYQ5","DGCR8"
"sp","O15260","SURF4"
"sp","Q15370","ELOB"
"sp","Q15365","PCBP1"
"sp","P36542","ATPG"
"sp","Q9UBQ0","VPS29"
"sp","Q9NX40","OCAD1"
"sp","Q16778","H2B2E"
"sp","P62807","H2B1C"
"sp","Q9H422","HIPK3"
"sp","Q9Y283","INVS"
"sp","Q14684","RRP1B"
"sp","O43670","ZN207"
"sp","P62328","TYB4"
"sp","P50897","PPT1"
"sp","Q9UM00","TMCO1"
"sp","Q8N137","CNTRB"
"sp","Q14240","IF4A2"
"sp","P48444","COPD"
"sp","Q9UI12","VATH"
"sp","O00273","DFFA"
"sp","Q9NR20","DYRK4"
"sp","Q9Y334","VWA7"
"sp","Q96RS6","NUDC1"
"sp","Q99536","VAT1"
"sp","Q8N6H7","ARFG2"
"sp","Q16666","IF16"
"sp","Q13509","TBB3"
"sp","P07437","TBB5"
"sp","Q9Y696","CLIC4"
"sp","P25789","PSA4"
"sp","Q13505","MTX1"
"sp","Q8N129","CNPY4"
"sp","Q8N9N8","EIF1A"
"sp","Q06203","PUR1"
"sp","Q01658","NC2B"
"sp","Q8N9U0","TAC2N"
"sp","P00568","KAD1"
"sp","P10827","THA"
"sp","Q5VTA0","PRA17"
"sp","P09012","SNRPA"
"sp","Q5VTE0","EF1A3"
"sp","O14983","AT2A1"
"sp","P0DPI2","GAL3A"
"sp","O43451","MGA"
"sp","P58005","SESN3"
"sp","Q8NFI3","ENASE"
"sp","Q9BUB4","ADAT1"
"sp","A0A024RBG1","NUD4B"
"sp","Q9NZB2","F120A"
"sp","O60662","KLH41"
"sp","Q9NRN7","ADPPT"
"sp","Q8WWI5","CTL1"
"sp","P09132","SRP19"
"sp","Q8IV33","K0825"
"sp","Q9ULL0","K1210"
"sp","Q9ULM0","PKHH1"
"sp","Q8WYA6","CTBL1"
"sp","P54920","SNAA"
"sp","Q9Y2B0","CNPY2"
"sp","Q8WUW1","BRK1"
"sp","Q92925","SMRD2"
"sp","Q9BQF6","SENP7"
"sp","Q9P2K3","RCOR3"
"sp","Q9HCR9","PDE11"
"sp","Q8N608","DPP10"
"sp","O60739","EIF1B"
"sp","O43813","LANC1"
"sp","O43837","IDH3B"
"sp","O00425","IF2B3"
"sp","Q9UJ70","NAGK"
"sp","Q6NUQ1","RINT1"
"sp","Q6GPH6","IPIL1"
"sp","P16435","NCPR"
"sp","Q9Y3B3","TMED7"
"sp","Q8NF99","ZN397"
"sp","P50225","ST1A1"
"sp","P07814","SYEP"
"sp","Q9BV94","EDEM2"
"sp","O00182","LEG9"
"sp","Q9BRJ7","TIRR"
"sp","Q08AM6","VAC14"
"sp","Q5VU65","P210L"
"sp","A8MXV4","NUD19"
"sp","Q15006","EMC2"
"sp","Q13131","AAPK1"
"sp","P18859","ATP5J"
"sp","Q02818","NUCB1"
"sp","P36405","ARL3"
"sp","Q9BXS5","AP1M1"
"sp","P51148","RAB5C"
"sp","Q02809","PLOD1"
"sp","O43309","ZSC12"
"sp","P16591","FER"
"sp","Q7L7V1","DHX32"
"sp","P51571","SSRD"
"sp","P61421","VA0D1"
"sp","P61026","RAB10"
"sp","P56556","NDUA6"
"sp","Q92820","GGH"
"sp","O00232","PSD12"
"sp","Q6P474","PDXD2"
"sp","O15258","RER1"
"sp","Q8WWM9","CYGB"
"sp","O43847","NRDC"
"sp","Q2Q1W2","LIN41"
"sp","Q00325","MPCP"
"sp","Q02156","KPCE"
"sp","P82979","SARNP"
"sp","Q68E01","INT3"
"sp","Q9BXR0","TGT"
"sp","Q9UL25","RAB21"
"sp","B2RXF5","ZBT42"
"sp","Q15041","AR6P1"
"sp","Q5JSP0","FGD3"
"sp","O60220","TIM8A"
"sp","Q8TF32","ZN431"
"sp","Q9Y263","PLAP"
"sp","P19387","RPB3"
"sp","P07195","LDHB"
"sp","Q01970","PLCB3"
"sp","Q9GZS3","WDR61"
"sp","Q99627","CSN8"
"sp","P60983","GMFB"
"sp","P09429","HMGB1"
"sp","P41091","IF2G"
"sp","Q6IQ21","ZN770"
"sp","P48739","PIPNB"
"sp","P29692","EF1D"
"sp","Q9H9A6","LRC40"
"sp","Q8NF91","SYNE1"
"sp","Q96PH1","NOX5"
"sp","P63010","AP2B1"
"CON__H-INV:HIT000292931;CON__O95678;CON__P05787;CON__P07744;CON__P08729;CON__Q3KNV1;CON__P12035;CON__P13647;CON__Q5XQN5;CON__Q922U2;CON__P48668;CON__P04259;CON__P02538;CON__P50446;CON__P78385;CON__Q6NT21;CON__P78386;CON__O43790;CON__Q14533;CON__Q01546;CON__Q5XKE5;CON__Q61726;CON__Q9NSB2;CON__Q6ISB0;CON__Q8N1N4-2;CON__Q7RTT2;CON__Q8BGZ7;CON__Q8VED5;CON__Q9DCV7;sp","P08670","VIME"
"sp","P62318","SMD3"
"sp","Q6NVV9","ADAM5"
"sp","O00303","EIF3F"
"sp","Q9P287","BCCIP"
"sp","P07360","CO8G"
"sp","Q9H7F0","AT133"
"sp","Q13488","VPP3"
"sp","O00762","UBE2C"
"sp","P43307","SSRA"
"sp","Q8TDN6","BRX1"
"sp","Q96BY7","ATG2B"
"sp","Q9Y653","AGRG1"
"sp","P15374","UCHL3"
"sp","P68400","CSK21"
"sp","Q8WVB6","CTF18"
"sp","O15123","ANGP2"
"sp","A6PVS8","LRIQ3"
"sp","P28749","RBL1"
"sp","Q9BRD0","BUD13"
"sp","Q7Z5L7","PODN"
"sp","Q9UBR2","CATZ"
"sp","Q9UI26","IPO11"
"sp","Q9UMX1","SUFU"
"sp","Q7L5N1","CSN6"
"sp","Q9NS86","LANC2"
"CON__ENSEMBL:ENSBTAP00000025008;sp","P07437","TBB5"
"sp","Q8TBJ5","FEZF2"
"sp","P50914","RL14"
"sp","Q53GT1","KLH22"
"sp","Q5SW79","CE170"
"sp","P48065","S6A12"
"sp","Q99853","FOXB1"
"sp","Q9HCU5","PREB"
"sp","Q9Y5J7","TIM9"
"sp","Q9UQ72","PSG11"
"sp","O43396","TXNL1"
"sp","O95816","BAG2"
"sp","Q92547","TOPB1"
"sp","O75027","ABCB7"
"sp","Q8NER5","ACV1C"
"sp","Q8NI36","WDR36"
"sp","Q9HBL0","TENS1"
"sp","Q92890","UFD1"
"sp","Q9H773","DCTP1"
"sp","Q9Y305","ACOT9"
"sp","O15042","SR140"
"sp","Q9NVR7","TBCC1"
"sp","Q9UKK3","PARP4"
"sp","Q15942","ZYX"
"sp","Q9UIA9","XPO7"
"sp","Q02447","SP3"
"sp","O43824","GTPB6"
"sp","O15305","PMM2"
"sp","P21399","ACOC"
"sp","P62861","RS30"
"sp","P22059","OSBP1"
"sp","Q8TB61","S35B2"
"sp","Q9UFW8","CGBP1"
"sp","O60234","GMFG"
"sp","Q9UGK3","STAP2"
"sp","Q9UNX4","WDR3"
"sp","P04062","GLCM"
"sp","Q9HBL8","NMRL1"
"sp","Q99733","NP1L4"
"sp","Q13555","KCC2G"
"sp","Q9NZ63","TLS1"
"sp","Q9NY12","GAR1"
"sp","P35237","SPB6"
"sp","Q8NB25","F184A"
"sp","Q6U7Q0","ZN322"
"sp","Q99447","PCY2"
"sp","P42167","LAP2B"
"sp","Q16630","CPSF6"
"sp","Q8TC84","FANK1"
"sp","Q12904","AIMP1"
"sp","Q96RJ0","TAAR1"
"sp","Q9HCL0","PCD18"
"sp","P49821","NDUV1"
"sp","Q9BY49","PECR"
"sp","P31943","HNRH1"
"sp","P21333","FLNA"
"sp","O00743","PPP6"
"sp","P62820","RAB1A"
"sp","Q9UJS0","CMC2"
"sp","P36543","VATE1"
"sp","Q86TX2","ACOT1"
"sp","P23919","KTHY"
"sp","Q6ZS72","PEAK3"
"sp","P46976","GLYG"
"sp","P55769","NH2L1"
"sp","Q16352","AINX"
"sp","Q01167","FOXK2"
"sp","P20339","RAB5A"
"sp","P61020","RAB5B"
"sp","P51148","RAB5C"
"sp","P53384","NUBP1"
"sp","Q6ZMQ8","LMTK1"
"sp","C9JH25","PRRT4"
"sp","Q15061","WDR43"
"sp","Q6P161","RM54"
"sp","P05141","ADT2"
"sp","Q8NF37","PCAT1"
"sp","Q96JK2","DCAF5"
"sp","Q5H8A4","PIGG"
"sp","O00505","IMA4"
"sp","Q96M98","PACRG"
"sp","P62310","LSM3"
"sp","P67812","SC11A"
"sp","P62304","RUXE"
"sp","P51965","UB2E1"
"sp","P62316","SMD2"
"sp","P36959","GMPR1"
"sp","Q9UBQ7","GRHPR"
"sp","Q15223","NECT1"
"sp","Q7Z5M8","AB12B"
"sp","P61923","COPZ1"
"sp","Q04323","UBXN1"
"sp","Q969X6","UTP4"
"sp","Q9P2H5","UBP35"
"sp","P61086","UBE2K"
"sp","P30876","RPB2"
"sp","O60488","ACSL4"
"sp","Q58FF8","H90B2"
"sp","P14678","RSMB"
"sp","P02461","CO3A1"
"sp","P02746","C1QB"
"sp","Q15084","PDIA6"
"sp","P17813","EGLN"
"CON__P04258;sp","P02461","CO3A1"
"sp","O95777","LSM8"
"sp","P51801","CLCKB"
"sp","P45880","VDAC2"
"sp","P21291","CSRP1"
"sp","O14979","HNRDL"
"sp","Q9Y5S9","RBM8A"
"sp","P57059","SIK1"
"sp","Q02338","BDH"
"sp","P45973","CBX5"
"sp","P36969","GPX4"
"sp","P40227","TCPZ"
"sp","Q9Y237","PIN4"
"sp","Q9Y3C6","PPIL1"
"sp","O75381","PEX14"
"sp","Q13617","CUL2"
"sp","Q9BX40","LS14B"
"sp","P57103","NAC3"
"sp","Q96QR8","PURB"
"sp","Q9NY12","GAR1"
"sp","Q07065","CKAP4"
"sp","Q9BTE6","AASD1"
"sp","Q5RKV6","EXOS6"
"sp","P13639","EF2"
"sp","Q15118","PDK1"
"sp","O43491","E41L2"
"sp","Q9Y261","FOXA2"
"sp","Q9H7B2","RPF2"
"sp","P51114","FXR1"
"sp","Q9H239","MMP28"
"sp","P53597","SUCA"
"sp","Q8N967","LRTM2"
"sp","Q14896","MYPC3"
"sp","P0DMV9","HS71B"
"sp","P62829","RL23"
"sp","P08237","PFKAM"
"sp","Q15813","TBCE"
"sp","Q9BQC6","RT63"
"sp","Q9HAV0","GBB4"
"sp","Q13510","ASAH1"
"sp","O75343","GCYB2"
"sp","P07437","TBB5"
"sp","P10515","ODP2"
"sp","Q92526","TCPW"
"sp","Q86U06","RBM23"
"sp","Q13018","PLA2R"
"sp","P16152","CBR1"
"sp","O75964","ATP5L"
"sp","Q96A23","CPNE4"
"sp","P09668","CATH"
"sp","Q9NX24","NHP2"
"sp","P20674","COX5A"
"sp","P0C881","R10B1"
"sp","P26440","IVD"
"sp","O14974","MYPT1"
"sp","P09972","ALDOC"
"sp","P60842","IF4A1"
"sp","Q9Y6F1","PARP3"
"sp","O00479","HMGN4"
"sp","Q9H6R4","NOL6"
"sp","O60888","CUTA"
"sp","Q9Y4C4","MFHA1"
"sp","Q8IY67","RAVR1"
"sp","P83916","CBX1"
"sp","Q9Y5K5","UCHL5"
"sp","P78318","IGBP1"
"sp","P06865","HEXA"
"sp","Q06830","PRDX1"
"sp","P46109","CRKL"
"sp","Q9Y6C9","MTCH2"
"sp","Q6EEV4","GL1AD"
"sp","Q6UW68","TM205"
"sp","Q6NVV3","NIPA3"
"sp","P54105","ICLN"
"sp","Q9GZT3","SLIRP"
"sp","Q6ZUL3","CH086"
"sp","Q9Y3D6","FIS1"
"sp","O43399","TPD54"
"sp","Q9HB07","MYG1"
"sp","O00330","ODPX"
"sp","P46926","GNPI1"
"sp","P52594","AGFG1"
"sp","P07476","INVO"
"sp","P49895","IOD1"
"sp","Q12849","GRSF1"
"sp","Q9BW19","KIFC1"
"sp","Q99439","CNN2"
"sp","A2VDF0","FUCM"
"sp","P62277","RS13"
"sp","P53007","TXTP"
"sp","P61313","RL15"
"sp","P22392","NDKB"
"sp","Q9NY93","DDX56"
"sp","P50570","DYN2"
"sp","P35579","MYH9"
"sp","Q14194","DPYL1"
"sp","P31146","COR1A"
"sp","Q9Y3Y2","CHTOP"
"sp","P31689","DNJA1"
"CON__Q3SX28;sp","P67936","TPM4"
"sp","Q8N9P6","CI163"
"sp","Q8NCW5","NNRE"
"sp","O60218","AK1BA"
"sp","P30086","PEBP1"
"sp","P17931","LEG3"
"sp","Q99612","KLF6"
"sp","Q86VH4","LRRT4"
"sp","P01031","CO5"
"sp","Q92597","NDRG1"
"sp","P62308","RUXG"
"sp","Q8N145","LGI3"
"sp","Q05639","EF1A2"
"sp","P33316","DUT"
"sp","Q15758","AAAT"
"sp","Q7L591","DOK3"
"sp","Q9NVC6","MED17"
"sp","O95292","VAPB"
"sp","Q9H3P7","GCP60"
"sp","Q92615","LAR4B"
"sp","Q9BZK7","TBL1R"
"sp","Q52LJ0","FA98B"
"sp","P42166","LAP2A"
"sp","Q9UNF0","PACN2"
"sp","P30043","BLVRB"
"sp","Q15417","CNN3"
"sp","Q9UI30","TR112"
"sp","Q9H0E2","TOLIP"
"sp","P40429","RL13A"
"sp","Q96M27","PRRC1"
"sp","Q14728","MFS10"
"sp","P46781","RS9"
"sp","Q68DE3","USF3"
"sp","P24666","PPAC"
"sp","Q8WY22","BRI3B"
"sp","P62314","SMD1"
"sp","O15050","TRNK1"
"sp","Q12800","TFCP2"
"sp","Q9Y275","TN13B"
"sp","Q9BWW4","SSBP3"
"sp","P07602","SAP"
"sp","P35611","ADDA"
"sp","P20340","RAB6A"
"sp","P16150","LEUK"
"sp","Q9H910","JUPI2"
"sp","Q5JSL3","DOC11"
"sp","Q96PU8","QKI"
"sp","P42696","RBM34"
"sp","Q9P0U1","TOM7"
"sp","Q9H3H3","CK068"
"sp","Q2KHT3","CL16A"
"sp","P46782","RS5"
"sp","Q9Y333","LSM2"
"sp","Q92889","XPF"
"sp","Q9Y3B4","SF3B6"
"sp","P04921","GLPC"
"sp","Q8N1N0","CLC4F"
"sp","P16402","H13"
"sp","Q9Y5S1","TRPV2"
"sp","Q9H0R4","HDHD2"
"sp","O75663","TIPRL"
"sp","O43504","LTOR5"
"sp","Q9C0H6","KLHL4"
"sp","Q8NEN0","ARMC2"
"sp","Q16186","ADRM1"
"sp","P37108","SRP14"
"sp","Q6ZVF9","GRIN3"
"sp","Q9BXT4","TDRD1"
"sp","Q96HD9","ACY3"
"sp","P78348","ASIC1"
"sp","P62306","RUXF"
"sp","Q86UU0","BCL9L"
"sp","P07305","H10"
"sp","Q9Y6C2","EMIL1"
"sp","P62942","FKB1A"
"sp","Q9HD15","SRA1"
"sp","Q95460","HMR1"
"sp","Q9Y2R9","RT07"
"sp","Q9UKM9","RALY"
"sp","P21796","VDAC1"
"sp","Q9UHX1","PUF60"
"sp","P31483","TIA1"
"sp","Q01085","TIAR"
"sp","Q86UX7","URP2"
"sp","Q9H2C0","GAN"
"sp","Q53H12","AGK"
"sp","O95922","TTLL1"
"sp","P49190","PTH2R"
"sp","Q9Y2R5","RT17"
"sp","Q9BU89","DOHH"
"sp","Q16539","MK14"
"sp","Q9P0L0","VAPA"
"sp","Q969Q0","RL36L"
"sp","Q6PRD7","CEMP1"
"sp","Q86T24","KAISO"
"sp","P52744","ZN138"
"sp","O14737","PDCD5"
"sp","Q9Y6X8","ZHX2"
"sp","P62244","RS15A"
"sp","Q04727","TLE4"
"sp","Q8IYJ3","SYTL1"
"sp","Q8IUX7","AEBP1"
"sp","Q14524","SCN5A"
"sp","Q9BXJ2","C1QT7"
"sp","O14530","TXND9"
"sp","Q9NS91","RAD18"
"sp","Q7Z403","TMC6"
"sp","Q5H9R7","PP6R3"
"sp","Q8WUD6","CHPT1"
"sp","O75150","BRE1B"
"sp","Q9GZR7","DDX24"
"sp","Q15929","ZNF56"
"sp","Q32M78","ZN699"
"sp","A0AUZ9","KAL1L"
"sp","P0CI26","TR49C"
"sp","A4D263","SPT48"
"sp","P61769","B2MG"
"sp","O94973","AP2A2"
"sp","Q9NRP7","STK36"
"sp","Q9Y6R4","M3K4"
"sp","Q6UN15","FIP1"
"sp","Q8N684","CPSF7"
"sp","Q9Y570","PPME1"
"sp","Q6P5W5","S39A4"
"sp","Q8IUI4","S29P2"
"sp","Q7Z4H3","HDDC2"
"sp","Q3B726","RPA43"
"sp","Q16236","NF2L2"
"sp","Q04941","PLP2"
"sp","Q99805","TM9S2"
"sp","P20645","MPRD"
"sp","Q96IJ6","GMPPA"
"sp","P50747","BPL1"
"sp","Q15007","FL2D"
"sp","Q9P0U3","SENP1"
"sp","Q92813","IOD2"
"sp","P83111","LACTB"
"sp","P84077","ARF1"
"sp","P30260","CDC27"
"sp","Q9H6U6","BCAS3"
"sp","P51003","PAPOA"
"sp","Q6PJW8","CNST"
"sp","Q6IAA8","LTOR1"
"sp","Q8N0Z3","SPICE"
"sp","P62807","H2B1C"
"sp","P08708","RS17"
"sp","Q15365","PCBP1"
"sp","Q15366","PCBP2"
"sp","Q9H267","VP33B"
"sp","Q9NPJ8","NXT2"
"sp","Q96A08","H2B1A"
"sp","O75439","MPPB"
"sp","Q9Y6Y8","S23IP"
"sp","Q5TDH0","DDI2"
"sp","P49959","MRE11"
"sp","Q9UPN3","MACF1"
"sp","Q9BY32","ITPA"
"sp","Q8WYN3","CSRN3"
"sp","Q8N9N2","ASCC1"
"sp","Q2KHR3","QSER1"
"sp","Q14694","UBP10"
"sp","Q8IVV2","LOXH1"
"sp","P61812","TGFB2"
"sp","O00629","IMA3"
"sp","P49770","EI2BB"
"sp","P17900","SAP3"
"sp","P38117","ETFB"
"sp","P07093","GDN"
"sp","O95486","SC24A"
"sp","P27986","P85A"
"sp","Q92688","AN32B"
"sp","P02794","FRIH"
"sp","Q6ZW76","ANKS3"
"sp","Q96LX8","ZN597"
"sp","Q96DI7","SNR40"
"sp","Q9NRX1","PNO1"
"sp","Q68EM7","RHG17"
"sp","P24941","CDK2"
"sp","Q9BSD7","NTPCR"
"sp","Q9Y397","ZDHC9"
"sp","P14174","MIF"
"sp","Q9NR19","ACSA"
"sp","Q9Y2S2","CRYL1"
"sp","Q8TC12","RDH11"
"sp","P39687","AN32A"
"sp","Q6P4R8","NFRKB"
"sp","P31150","GDIA"
"sp","Q6PI48","SYDM"
"sp","P49773","HINT1"
"sp","Q9BXI6","TB10A"
"sp","Q13185","CBX3"
"sp","P34931","HS71L"
"sp","P20671","H2A1D"
"sp","Q96PU4","UHRF2"
"sp","Q9BZD4","NUF2"
"sp","P48556","PSMD8"
"sp","O95479","G6PE"
"sp","Q9NP72","RAB18"
"sp","Q12905","ILF2"
"sp","Q9H582","ZN644"
"sp","P49792","RBP2"
"sp","O95319","CELF2"
"sp","P84098","RL19"
"sp","O75489","NDUS3"
"sp","O75787","RENR"
"sp","P07437","TBB5"
"sp","O95905","ECD"
"sp","P46776","RL27A"
"sp","Q09028","RBBP4"
"sp","P11908","PRPS2"
"sp","O43491","E41L2"
"sp","Q9ULS6","KCNS2"
"sp","Q13885","TBB2A"
"sp","P68371","TBB4B"
"sp","P04350","TBB4A"
"sp","P13473","LAMP2"
"sp","Q6DKI1","RL7L"
"sp","O60942","MCE1"
"sp","Q16795","NDUA9"
"sp","P15586","GNS"
"sp","P18085","ARF4"
"sp","Q9NX14","NDUBB"
"sp","Q92945","FUBP2"
"sp","Q9Y5N1","HRH3"
"sp","Q9Y2T2","AP3M1"
"sp","Q9NVI1","FANCI"
"sp","P15884","ITF2"
"sp","O75078","ADA11"
"CON__ENSEMBL:ENSBTAP00000025008;sp","P07437","TBB5"
"sp","O94911","ABCA8"
"sp","Q9H2U1","DHX36"
"sp","P34897","GLYM"
"sp","P35249","RFC4"
"sp","O75477","ERLN1"
"sp","P07437","TBB5"
"sp","P51812","KS6A3"
"sp","Q8WWY3","PRP31"
"sp","Q9BS26","ERP44"
"sp","O75764","TCEA3"
"sp","Q7Z3Z2","RD3"
"sp","O00189","AP4M1"
"sp","P61077","UB2D3"
"sp","Q96BN6","F149B"
"sp","P16860","ANFB"
"sp","P04844","RPN2"
"sp","Q13509","TBB3"
"sp","Q8TBN0","R3GEF"
"sp","Q9NVM9","INT13"
"sp","P0DMV9","HS71B"
"sp","P60866","RS20"
"sp","P32881","IFNA8"
"sp","Q6UXK5","LRRN1"
"sp","P22087","FBRL"
"sp","P30679","GNA15"
"sp","Q4VC31","MIX23"
"sp","P06730","IF4E"
"sp","O94955","RHBT3"
"sp","O00338","ST1C2"
"sp","Q15388","TOM20"
"sp","Q7L1Q6","BZW1"
"sp","P51157","RAB28"
"sp","Q9UMY4","SNX12"
"sp","O43660","PLRG1"
"sp","P37235","HPCL1"
"sp","Q9UN37","VPS4A"
"sp","Q8WX93","PALLD"
"sp","Q9Y3Q7","ADA18"
"sp","Q6ZWB6","KCTD8"
"sp","Q9UKX7","NUP50"
"sp","Q9H3N1","TMX1"
"sp","O43493","TGON2"
"sp","Q14696","MESD"
"sp","P04899","GNAI2"
"sp","Q9Y2L9","LRCH1"
"sp","Q9NUQ2","PLCE"
"sp","Q9Y463","DYR1B"
"sp","Q9H583","HEAT1"
"sp","P68400","CSK21"
"sp","Q9UKK9","NUDT5"
"sp","P48436","SOX9"
"sp","Q96A08","H2B1A"
"sp","P42025","ACTY"
"sp","Q8WXG6","MADD"
"sp","P08240","SRPRA"
"sp","Q9BT78","CSN4"
"sp","Q9BV40","VAMP8"
"sp","P43007","SATT"
"sp","Q99878","H2A1J"
"sp","P20671","H2A1D"
"sp","Q00688","FKBP3"
"sp","P08183","MDR1"
"sp","Q8NFT6","DBF4B"
"sp","Q01740","FMO1"
"sp","Q9NZI5","GRHL1"
"CON__Q3SX28;sp","P09493","TPM1"
"sp","O60870","KIN17"
"sp","P21964","COMT"
"sp","P15153","RAC2"
"sp","P47756","CAPZB"
"sp","Q03252","LMNB2"
"sp","Q96P11","NSUN5"
"sp","P26885","FKBP2"
"sp","P80404","GABT"
"sp","P10644","KAP0"
"sp","Q96LP6","CL042"
"sp","Q02153","GCYB1"
"sp","Q96BW9","TAM41"
"sp","Q8N4Q1","MIA40"
"sp","P16402","H13"
"sp","P24534","EF1B"
"sp","O15382","BCAT2"
"sp","Q96GW9","SYMM"
"sp","Q8IUY3","GRM2A"
"sp","P56211","ARP19"
"sp","Q8NFQ5","BPIB6"
"sp","P68543","UBX2A"
"sp","Q9C0H9","SRCN1"
"sp","Q495X7","TRI60"
"sp","Q7L0Y3","TM10C"
"sp","O95232","LC7L3"
"sp","Q71DI3","H32"
"sp","Q86UK7","ZN598"
"sp","Q7L2H7","EIF3M"
"sp","P62888","RL30"
"sp","Q9HCN4","GPN1"
"sp","P32121","ARRB2"
"sp","Q9NTX5","ECHD1"
"sp","P52298","NCBP2"
"sp","Q9NRF9","DPOE3"
"sp","P20671","H2A1D"
"sp","P62328","TYB4"
"sp","P05091","ALDH2"
"sp","P61224","RAP1B"
"sp","Q8N165","PDK1L"
"sp","P49642","PRI1"
"sp","P00374","DYR"
"sp","Q9GZZ9","UBA5"
"sp","Q96DB2","HDA11"
"CON__P02769;sp","P02768","ALBU"
"sp","P05114","HMGN1"
"sp","Q9H0U4","RAB1B"
"sp","Q12972","PP1R8"
"sp","P41236","IPP2"
"sp","Q9P289","STK26"
"sp","P20290","BTF3"
"sp","Q96GD0","PLPP"
"sp","O43768","ENSA"
"sp","O95168","NDUB4"
"sp","P04264","K2C1"
"sp","P61970","NTF2"
"sp","Q8NCL4","GALT6"
"sp","O95793","STAU1"
"sp","O00591","GBRP"
"sp","P05387","RLA2"
"sp","Q13564","ULA1"
"sp","P15153","RAC2"
"sp","Q8N4H5","TOM5"
"sp","Q5HYI8","RABL3"
"sp","P16949","STMN1"
"sp","Q9UBI6","GBG12"
"sp","P07911","UROM"
"sp","Q12866","MERTK"
"sp","P55196","AFAD"
"sp","Q02750","MP2K1"
"sp","P37088","SCNNA"
"sp","Q14765","STAT4"
"sp","O43681","GET3"
"sp","Q5JPH6","SYEM"
"sp","Q92544","TM9S4"
"sp","P13796","PLSL"
"sp","Q16204","CCDC6"
"sp","Q9H488","OFUT1"
"sp","O43924","PDE6D"
"sp","Q9H098","F107B"
"sp","Q6ZT62","BGIN"
"sp","Q01581","HMCS1"
"sp","Q9NYA1","SPHK1"
"sp","P24158","PRTN3"
"sp","Q9Y291","RT33"
"sp","Q96EP5","DAZP1"
"sp","Q15165","PON2"
"sp","A6NFH5","FBP12"
"sp","P07477","TRY1"
"sp","A6NDG6","PGP"
"sp","Q16540","RM23"
"sp","P60891","PRPS1"
"sp","P18754","RCC1"
"sp","P00750","TPA"
"sp","Q8NBJ7","SUMF2"
"sp","O00483","NDUA4"
"sp","O60613","SEP15"
"sp","P07437","TBB5"
"sp","O75351","VPS4B"
"sp","Q86W42","THOC6"
"sp","P51812","KS6A3"
"sp","P39748","FEN1"
"sp","Q9NPJ3","ACO13"
"sp","Q13868","EXOS2"
"sp","Q8IVT5","KSR1"
"sp","Q9UJW0","DCTN4"
"sp","P0DMV9","HS71B"
"sp","Q9BVG4","PBDC1"
"sp","P00846","ATP6"
"sp","Q13247","SRSF6"
"sp","Q99614","TTC1"
"sp","Q9NVR0","KLH11"
"sp","O60493","SNX3"
"sp","Q5T9A4","ATD3B"
"sp","Q9NQC1","JADE2"
"sp","Q86TU6","CN070"
"sp","Q15646","OASL"
"sp","P30044","PRDX5"
"sp","Q9Y450","HBS1L"
"sp","Q15102","PA1B3"
"sp","P57740","NU107"
"sp","P17302","CXA1"
"sp","A6NCS6","CB072"
"sp","Q15819","UB2V2"
"sp","Q6ZUT4","YL014"
"sp","P09619","PGFRB"
"sp","Q9UMX0","UBQL1"
"sp","Q15051","IQCB1"
"sp","P51116","FXR2"
"sp","P47755","CAZA2"
"sp","Q6UWE0","LRSM1"
"sp","Q9ULA0","DNPEP"
"sp","P11142","HSP7C"
"sp","Q92734","TFG"
"sp","Q10567","AP1B1"
"sp","Q9NP79","VTA1"
"sp","P61956","SUMO2"
"sp","P62136","PP1A"
"sp","O15537","XLRS1"
"sp","Q9H7T3","CJ095"
"sp","P34059","GALNS"
"sp","Q9Y676","RT18B"
"sp","Q9NU23","LYRM2"
"sp","Q15819","UB2V2"
"sp","Q01415","GALK2"
"sp","Q09472","EP300"
"sp","O95573","ACSL3"
"sp","Q9NPF4","OSGEP"
"sp","Q15404","RSU1"
"sp","Q8IVU9","CBCO1"
"sp","Q92619","HMHA1"
"sp","P31997","CEAM8"
"sp","Q9NS69","TOM22"
"sp","Q9Y243","AKT3"
"sp","Q9NPL8","TIDC1"
"sp","O94992","HEXI1"
"sp","Q14353","GAMT"
"sp","Q66K79","CBPZ"
"sp","Q92922","SMRC1"
"CON__P01966;sp","P69905","HBA"
"sp","Q9NWY4","HPF1"
"sp","Q9BU61","NDUF3"
"sp","Q03252","LMNB2"
"sp","Q92979","NEP1"
"sp","Q15386","UBE3C"
"sp","P55036","PSMD4"
"sp","P04406","G3P"
"sp","Q7L266","ASGL1"
"sp","Q15417","CNN3"
"sp","P61201","CSN2"
"sp","O15540","FABP7"
"sp","P63000","RAC1"
"sp","Q13501","SQSTM"
"sp","Q9UHY1","NRBP"
"sp","Q9UBJ2","ABCD2"
"sp","O00400","ACATN"
"sp","O75712","CXB3"
"sp","O60234","GMFG"
"sp","P48047","ATPO"
"sp","Q15269","PWP2"
"sp","P61964","WDR5"
"sp","Q709F0","ACD11"
"sp","P49418","AMPH"
"sp","P49458","SRP09"
"sp","Q13367","AP3B2"
"sp","O00560","SDCB1"
"sp","Q96DB5","RMD1"
"sp","P31150","GDIA"
"sp","Q9Y561","LRP12"
"sp","O15498","YKT6"
"sp","P60228","EIF3E"
"sp","Q6P1L8","RM14"
"sp","Q5VVY1","NTM1B"
"sp","P56545","CTBP2"
"sp","P46063","RECQ1"
"sp","P56377","AP1S2"
"sp","P11233","RALA"
"sp","Q6ZVM7","TM1L2"
"sp","O14925","TIM23"
"sp","Q9Y2Q3","GSTK1"
"sp","P23142","FBLN1"
"sp","Q8NH94","OR1L1"
"sp","Q96EM0","T3HPD"
"sp","Q9BUR5","MIC26"
"sp","Q96LW2","KS6R"
"sp","P82909","RT36"
"sp","O43684","BUB3"
"sp","P23528","COF1"
"sp","P53634","CATC"
"sp","O14964","HGS"
"sp","P84077","ARF1"
"sp","Q86X55","CARM1"
"sp","Q16878","CDO1"
"sp","O75052","CAPON"
"sp","Q6IBS0","TWF2"
"sp","P35222","CTNB1"
"sp","Q969V3","NCLN"
"sp","Q9BXI2","ORNT2"
"sp","Q96AJ9","VTI1A"
"sp","Q15119","PDK2"
"sp","P68371","TBB4B"
"sp","P04183","KITH"
"sp","P62879","GBB2"
"sp","Q9H8S9","MOB1A"
"sp","P08397","HEM3"
"sp","P05067","A4"
"sp","P82650","RT22"
"sp","P0DMV9","HS71B"
"sp","Q9NQV6","PRD10"
"sp","P61289","PSME3"
"sp","Q96M96","FGD4"
"sp","O95782","AP2A1"
"sp","Q8N131","PORIM"
"sp","P58499","FAM3B"
"sp","P14209","CD99"
"sp","Q8IWU9","TPH2"
"sp","P20671","H2A1D"
"sp","P41214","EIF2D"
"sp","Q96FJ2","DYL2"
"sp","Q93050","VPP1"
"sp","O15075","DCLK1"
"sp","O15427","MOT4"
"sp","P67809","YBOX1"
"sp","P34932","HSP74"
"sp","O75607","NPM3"
"sp","Q8TBJ5","FEZF2"
"sp","Q9P0W8","SPAT7"
"sp","A4D256","CC14C"
"sp","P36952","SPB5"
"sp","O75874","IDHC"
"sp","P52789","HXK2"
"sp","Q14833","GRM4"
"sp","Q9HC07","TM165"
"sp","Q9UN86","G3BP2"
"sp","P17612","KAPCA"
"sp","P15954","COX7C"
"sp","Q96B49","TOM6"
"sp","O00522","KRIT1"
"sp","Q9NYQ3","HAOX2"
"sp","P61009","SPCS3"
"sp","Q92879","CELF1"
"sp","Q15907","RB11B"
"sp","Q03933","HSF2"
"sp","Q9UMX0","UBQL1"
"sp","Q9H6A0","DEN2D"
"sp","Q16629","SRSF7"
"sp","Q9UHD9","UBQL2"
"sp","Q4G0U5","PCDP1"
"sp","P30273","FCERG"
"sp","P98179","RBM3"
"sp","P18846","ATF1"
"sp","Q86V81","THOC4"
"sp","P14678","RSMB"
"sp","P58872","RHBL3"
"sp","P07437","TBB5"
"sp","P49407","ARRB1"
"sp","O14936","CSKP"
"sp","P38646","GRP75"
"sp","Q5TBC7","B2L15"
"sp","P08311","CATG"
"sp","P36873","PP1G"
"sp","P06753","TPM3"
"sp","P31947","1433S"
"sp","O75494","SRS10"
"sp","Q14061","COX17"
"sp","P56381","ATP5E"
"sp","A0A0D9SF12","CC163"
"sp","O75521","ECI2"
"sp","P07108","ACBP"
"sp","Q9UIC8","LCMT1"
"sp","Q9BV36","MELPH"
"sp","O95299","NDUAA"
"sp","Q14677","EPN4"
"sp","Q96BD5","PF21A"
"sp","P62879","GBB2"
"sp","O43583","DENR"
"sp","Q6PKG0","LARP1"
"sp","P60709","ACTB"
"sp","O60493","SNX3"
"sp","O94776","MTA2"
"sp","Q16555","DPYL2"
"sp","O60573","IF4E2"
"sp","P32119","PRDX2"
"sp","P22459","KCNA4"
"sp","P33991","MCM4"
"sp","P62714","PP2AB"
"sp","Q6P597","KLC3"
"sp","Q4KMG9","TM52B"
"sp","Q9Y320","TMX2"
"sp","P57737","CORO7"
"sp","Q504Y0","S39AC"
"sp","Q8N3C7","CLIP4"
"sp","Q71F78","LCA10"
"sp","P62891","RL39"
"sp","P63162","RSMN"
"sp","P52926","HMGA2"
"sp","O14979","HNRDL"
"sp","Q9UNL2","SSRG"
"sp","P17858","PFKAL"
"sp","Q9H8M7","MINY3"
"sp","Q13398","ZN211"
"sp","P14867","GBRA1"
"sp","Q9UN30","SCML1"
"sp","P08246","ELNE"
"sp","Q5J8M3","EMC4"
"sp","P20340","RAB6A"
"sp","P62834","RAP1A"
"sp","P62820","RAB1A"
"sp","Q9NPD8","UBE2T"
"sp","Q969M3","YIPF5"
"sp","Q9BVK6","TMED9"
"sp","Q9NZ32","ARP10"
"sp","Q9NYL4","FKB11"
"sp","Q8TDI7","TMC2"
"sp","Q9NZ08","ERAP1"
"sp","Q5VTL8","PR38B"
"sp","P53990","IST1"
"sp","P17096","HMGA1"
"sp","Q8IYB3","SRRM1"
"sp","Q96I13","ABHD8"
"sp","Q9P016","THYN1"
"sp","Q9H2V7","SPNS1"
"sp","Q9NXK8","FXL12"
"sp","O95562","SFT2B"
"sp","Q13825","AUHM"
"sp","Q86VY9","T200A"
"sp","Q9GZW5","SCND2"
"sp","O15480","MAGB3"
"sp","O00488","ZN593"
"sp","Q9Y5X3","SNX5"
"sp","Q00534","CDK6"
"sp","P04632","CPNS1"
"sp","P27694","RFA1"
"sp","P84243","H33"
"sp","Q8N300","SVBP"
"sp","Q6RW13","ATRAP"
"sp","Q10587","TEF"
"sp","Q08257","QOR"
"sp","P08908","5HT1A"
"sp","O14907","TX1B3"
"sp","P61916","NPC2"
"sp","O14543","SOCS3"
"sp","Q6P9A1","ZN530"
"sp","Q9NRX4","PHP14"
"sp","Q9Y3D0","CIA2B"
"sp","Q96N53","CK037"
"sp","O14880","MGST3"
"sp","P07437","TBB5"
"sp","Q9BUF5","TBB6"
"sp","A8MUH7","PDZ1P"
"sp","P11940","PABP1"
"sp","O14544","SOCS6"
"sp","Q9Y508","RN114"
"sp","Q8WU03","GLYL2"
"sp","Q6ZVT6","CF20D"
"sp","Q2M3T9","HYAL4"
"sp","P20061","TCO1"
"sp","P04264","K2C1"
"sp","O00115","DNS2A"
"sp","Q9NUU7","DD19A"
"sp","Q5QJ38","TCHL1"
"sp","Q9UPN7","PP6R1"
"sp","Q9HD42","CHM1A"
"sp","Q8IVU1","IGDC3"
"sp","Q9BTX1","NDC1"
"sp","P24390","ERD21"
"sp","Q9H5V9","STEEP"
"sp","Q5T871","LELP1"
"sp","Q13610","PWP1"
"sp","P54707","AT12A"
"sp","Q9BPX5","ARP5L"
"sp","Q9NPA0","EMC7"
"sp","P49023","PAXI"
"sp","Q9H2P0","ADNP"
"sp","P39023","RL3"
"sp","Q8NFH4","NUP37"
"sp","O43451","MGA"
"sp","Q969G3","SMCE1"
"sp","P60709","ACTB"
"sp","Q96HQ2","C2AIL"
"sp","Q9UNZ5","L10K"
"sp","Q52LJ0","FA98B"
"sp","Q9NX47","MARH5"
"sp","P52756","RBM5"
"sp","Q8N1W1","ARG28"
"sp","P00403","COX2"
"sp","Q9BW85","YJU2"
"sp","Q9NUB1","ACS2L"
"sp","P55854","SUMO3"
"sp","P61956","SUMO2"
"sp","P11166","GTR1"
"sp","Q8WTV0","SCRB1"
"sp","Q07812","BAX"
"sp","Q92835","SHIP1"
"sp","P99999","CYC"
"sp","P05023","AT1A1"
"sp","Q96MM3","ZFP42"
"sp","P25490","TYY1"
"sp","P62820","RAB1A"
"sp","Q9BRA2","TXD17"
"sp","Q15233","NONO"
"sp","Q14232","EI2BA"
"sp","P12724","ECP"
"sp","Q7Z589","EMSY"
"sp","O00746","NDKM"
"sp","Q9UMS0","NFU1"
"sp","Q9UMR2","DD19B"
"sp","Q9BXV9","GON7"
"sp","Q8NH93","OR1L3"
"sp","Q8NFH3","NUP43"
"sp","Q8TCQ1","MARH1"
"sp","Q9Y316","MEMO1"
"sp","E9PRG8","CK098"
"sp","P56381","ATP5E"
"sp","P61513","RL37A"
"sp","Q8NDH3","PEPL1"
"sp","Q9BZX2","UCK2"
"sp","Q9UKN7","MYO15"
"sp","O00244","ATOX1"
"sp","O75340","PDCD6"
"sp","Q16762","THTR"
"sp","O96002","CX001"
"sp","A2A368","MAGBG"
"sp","Q01484","ANK2"
"sp","Q5JUX0","SPIN3"
"CON__ENSEMBL:ENSBTAP00000025008;sp","Q13509","TBB3"
"sp","Q6UXN9","WDR82"
"sp","O75365","TP4A3"
"sp","Q5VU69","CA189"
"sp","P49715","CEBPA"
"sp","P28062","PSB8"
"sp","P11234","RALB"
"sp","Q14185","DOCK1"
"sp","P63104","1433Z"
"sp","Q8IXM2","BAP18"
"sp","P52597","HNRPF"
"sp","P02042","HBD"
"sp","Q9BV20","MTNA"
"sp","O95461","LARG1"
"sp","P51114","FXR1"
"sp","Q14318","FKBP8"
"sp","P11586","C1TC"
"sp","P11171","EPB41"
"sp","Q9BT73","PSMG3"
"sp","Q6P2H3","CEP85"
"sp","O14561","ACPM"
"sp","O00764","PDXK"
"sp","P61960","UFM1"
"sp","O15160","RPAC1"
"sp","P34931","HS71L"
"sp","P47775","GPR12"
"sp","P31483","TIA1"
"sp","Q01167","FOXK2"
"sp","O95166","GBRAP"
"sp","P84085","ARF5"
"sp","Q92665","RT31"
"sp","Q9BPW5","RSLBB"
"sp","Q7Z434","MAVS"
"sp","P63218","GBG5"
"sp","O43674","NDUB5"
"sp","P30837","AL1B1"
"sp","O60671","RAD1"
"sp","P08237","PFKAM"
"sp","Q5VTU8","AT5EL"
"sp","Q96C90","PP14B"
"sp","P55039","DRG2"
"sp","Q9Y221","NIP7"
"sp","P63172","DYLT1"
"sp","P60510","PP4C"
"sp","Q15437","SC23B"
"sp","Q6NUS8","UD3A1"
"sp","Q7L014","DDX46"
"sp","Q01469","FABP5"
"sp","P37198","NUP62"
"sp","Q9NVZ3","NECP2"
"sp","P53680","AP2S1"
"sp","P31946","1433B"
"sp","P35580","MYH10"
"sp","P07900","HS90A"
"sp","O43768","ENSA"
"sp","P54709","AT1B3"
"sp","O75475","PSIP1"
"sp","Q9BWJ5","SF3B5"
"sp","Q86SJ6","DSG4"
"sp","Q05048","CSTF1"
"sp","P07437","TBB5"
"sp","P62987","RL40"
"sp","P63267","ACTH"
"sp","O14756","H17B6"
"sp","Q16718","NDUA5"
