gene_curie	gene_name	types
hgnc:10019	RIPK1	['indra_rel']
hgnc:10020	RIPK2	['indra_rel']
hgnc:10021	RIPK3	['indra_rel']
hgnc:10046	RNASE3	['indra_rel']
hgnc:10069	RNF6	['indra_rel']
hgnc:10070	RNF7	['indra_rel']
hgnc:10249	ROBO1	['indra_rel']
hgnc:10251	ROCK1	['indra_rel']
hgnc:10252	ROCK2	['indra_rel']
hgnc:10253	PTBP3	['indra_rel']
hgnc:10313	RPL21	['indra_rel']
hgnc:1033	BDNF	['indra_rel']
hgnc:10340	RPL34	['indra_rel']
hgnc:10405	RPS20	['phenotype_has_gene']
hgnc:10429	RPS6	['indra_rel']
hgnc:10432	RPS6KA3	['indra_rel']
hgnc:1044	BGN	['indra_rel']
hgnc:10449	RREB1	['indra_rel']
hgnc:10451	RRM1	['indra_rel']
hgnc:10471	RUNX1	['indra_rel']
hgnc:10487	S100A10	['indra_rel']
hgnc:10488	S100A11	['indra_rel']
hgnc:10489	S100A12	['indra_rel']
hgnc:10494	S100A4	['indra_rel']
hgnc:10496	S100A6	['indra_rel']
hgnc:10498	S100A8	['indra_rel']
hgnc:10539	TSPAN31	['indra_rel']
hgnc:10541	SATB1	['indra_rel']
hgnc:10583	SCN11A	['indra_rel']
hgnc:10618	CCL2	['indra_rel']
hgnc:10619	CCL20	['gene_disease_association', 'indra_rel']
hgnc:10620	CCL21	['indra_rel']
hgnc:10630	CCL4	['indra_rel']
hgnc:10632	CCL5	['indra_rel']
hgnc:10637	CXCL10	['indra_rel']
hgnc:10638	CXCL11	['indra_rel']
hgnc:10639	CXCL13	['indra_rel']
hgnc:10642	CXCL5	['indra_rel']
hgnc:10647	CX3CL1	['indra_rel']
hgnc:10658	SDC1	['indra_rel']
hgnc:1066	BMI1	['indra_rel']
hgnc:10662	SDCBP	['indra_rel']
hgnc:10672	CXCL12	['indra_rel']
hgnc:1069	BMP2	['indra_rel']
hgnc:10691	SDS	['indra_rel']
hgnc:1071	BMP4	['indra_rel']
hgnc:10729	SEMA4A	['phenotype_has_gene']
hgnc:10736	SEMA5A	['indra_rel']
hgnc:1075	BMP8B	['indra_rel']
hgnc:1076	BMPR1A	['phenotype_has_gene']
hgnc:10771	SF3B4	['indra_rel']
hgnc:10773	SFN	['indra_rel']
hgnc:10787	SRSF5	['indra_rel']
hgnc:10848	SHH	['indra_rel']
hgnc:10860	ST6GAL1	['indra_rel']
hgnc:10866	ST3GAL3	['indra_rel']
hgnc:10878	SIGLEC9	['indra_rel']
hgnc:10886	SIRT2	['indra_rel']
hgnc:10887	SIX1	['indra_rel']
hgnc:10894	PRMT5	['indra_rel']
hgnc:10901	SKP2	['indra_rel']
hgnc:10912	SLC12A3	['phenotype_has_gene']
hgnc:1097	BRAF	['indra_rel']
hgnc:10979	SLC25A1	['indra_rel']
hgnc:1100	BRCA1	['gene_disease_association', 'phenotype_has_gene', 'indra_rel']
hgnc:11003	SLC29A1	['gene_disease_association', 'indra_rel']
hgnc:11005	SLC2A1	['indra_rel']
hgnc:11006	SLC2A2	['indra_rel']
hgnc:11009	SLC2A4	['indra_rel']
hgnc:1101	BRCA2	['gene_disease_association', 'phenotype_has_gene', 'indra_rel']
hgnc:1103	BRD2	['indra_rel']
hgnc:11040	SLC5A5	['indra_rel']
hgnc:11068	SLC8A1	['indra_rel']
hgnc:11075	NHERF1	['indra_rel']
hgnc:11086	SLIT2	['indra_rel']
hgnc:11094	SNAI2	['indra_rel']
hgnc:11098	SMARCA2	['indra_rel']
hgnc:11100	SMARCA4	['indra_rel']
hgnc:11110	ARID1A	['indra_rel']
hgnc:11119	SMO	['indra_rel']
hgnc:1112	NCAPH	['indra_rel']
hgnc:11123	SMS	['indra_rel']
hgnc:11128	SNAI1	['indra_rel']
hgnc:11148	FSCN1	['indra_rel']
hgnc:11177	SOAT1	['indra_rel']
hgnc:11180	SOD2	['gene_disease_association', 'indra_rel']
hgnc:11181	SOD3	['indra_rel']
hgnc:11185	SORL1	['indra_rel']
hgnc:11195	SOX2	['indra_rel']
hgnc:11197	SOX21	['indra_rel']
hgnc:11200	SOX4	['indra_rel']
hgnc:11204	SOX9	['indra_rel']
hgnc:11205	SP1	['indra_rel']
hgnc:1121	BTC	['indra_rel']
hgnc:11219	SPARC	['indra_rel']
hgnc:11240	SPHK1	['indra_rel']
hgnc:11244	SPINK1	['gene_disease_association', 'phenotype_has_gene', 'indra_rel']
hgnc:11251	SPOCK1	['indra_rel']
hgnc:11255	SPP1	['indra_rel']
hgnc:11269	SPRY1	['indra_rel']
hgnc:11280	SQSTM1	['indra_rel']
hgnc:11283	SRC	['indra_rel']
hgnc:11306	SRPK2	['indra_rel']
hgnc:11329	SST	['gene_disease_association', 'indra_rel']
hgnc:11330	SSTR1	['gene_disease_association', 'indra_rel']
hgnc:11331	SSTR2	['gene_disease_association', 'indra_rel']
hgnc:11332	SSTR3	['gene_disease_association']
hgnc:11343	ST13	['indra_rel']
hgnc:11346	IL24	['gene_disease_association', 'indra_rel']
hgnc:11351	ST7	['indra_rel']
hgnc:11364	STAT3	['gene_disease_association', 'indra_rel']
hgnc:11368	STAT6	['indra_rel']
hgnc:11389	STK11	['gene_disease_association', 'phenotype_has_gene', 'indra_rel']
hgnc:11393	AURKA	['indra_rel']
hgnc:11407	STK31	['indra_rel']
hgnc:1148	BUB1	['gene_disease_association']
hgnc:11487	SYCP1	['gene_disease_association']
hgnc:115	ACLY	['indra_rel']
hgnc:11517	TAC1	['indra_rel']
hgnc:11526	TACR1	['indra_rel']
hgnc:11529	EPCAM	['gene_disease_association', 'phenotype_has_gene', 'indra_rel']
hgnc:11530	TACSTD2	['indra_rel']
hgnc:11577	TAFAZZIN	['indra_rel']
hgnc:11597	TBX2	['indra_rel']
hgnc:1161	CEP55	['indra_rel']
hgnc:11621	HNF1A	['indra_rel']
hgnc:11642	ZEB1	['indra_rel']
hgnc:11730	TERT	['gene_disease_association', 'phenotype_has_gene', 'indra_rel']
hgnc:11742	TFAP2A	['indra_rel']
hgnc:11753	TFEB	['indra_rel']
hgnc:11755	TFF1	['indra_rel']
hgnc:11756	TFF2	['indra_rel']
hgnc:11761	TFPI2	['gene_disease_association']
hgnc:11765	TGFA	['indra_rel']
hgnc:11766	TGFB1	['gene_disease_association', 'indra_rel']
hgnc:11773	TGFBR2	['phenotype_has_gene', 'indra_rel']
hgnc:11778	TGM2	['gene_disease_association']
hgnc:11801	THY1	['indra_rel']
hgnc:11805	TIAM1	['indra_rel']
hgnc:11806	TIAM2	['indra_rel']
hgnc:11817	TIMM8A	['indra_rel']
hgnc:11823	TIMP4	['indra_rel']
hgnc:11824	TINF2	['phenotype_has_gene']
hgnc:11847	TLR1	['indra_rel']
hgnc:11849	TLR3	['indra_rel']
hgnc:11850	TLR4	['indra_rel']
hgnc:11851	TLR5	['indra_rel']
hgnc:11853	TM4SF1	['indra_rel']
hgnc:11857	TM4SF5	['indra_rel']
hgnc:11879	TMSB10	['indra_rel']
hgnc:11892	TNF	['gene_disease_association', 'indra_rel']
hgnc:11905	TNFRSF10B	['gene_disease_association', 'indra_rel']
hgnc:11917	TNFRSF1B	['indra_rel']
hgnc:11919	CD40	['indra_rel']
hgnc:11920	FAS	['indra_rel']
hgnc:11921	TNFRSF6B	['indra_rel']
hgnc:11923	TNFRSF8	['indra_rel']
hgnc:11925	TNFSF10	['gene_disease_association', 'indra_rel']
hgnc:11929	TNFSF13B	['indra_rel']
hgnc:11936	FASLG	['indra_rel']
hgnc:11939	TNFSF9	['indra_rel']
hgnc:11989	TOP2A	['indra_rel']
hgnc:11998	TP53	['gene_disease_association', 'phenotype_has_gene', 'indra_rel']
hgnc:12003	TP73	['indra_rel']
hgnc:12036	TRAF6	['indra_rel']
hgnc:12363	TSC2	['gene_disease_association']
hgnc:12379	TSN	['indra_rel']
hgnc:12422	TUFT1	['indra_rel']
hgnc:12428	TWIST1	['indra_rel']
hgnc:12441	TYMS	['gene_disease_association', 'phenotype_has_gene']
hgnc:12446	TYRO3	['indra_rel']
hgnc:1249	TPX2	['indra_rel']
hgnc:12556	UHRF1	['indra_rel']
hgnc:12585	UQCRC1	['indra_rel']
hgnc:12593	USF1	['indra_rel']
hgnc:12616	USP18	['indra_rel']
hgnc:12625	USP28	['indra_rel']
hgnc:12627	USP4	['indra_rel']
hgnc:12665	VCL	['indra_rel']
hgnc:12679	VDR	['indra_rel']
hgnc:12680	VEGFA	['indra_rel']
hgnc:12681	VEGFB	['gene_disease_association']
hgnc:12682	VEGFC	['indra_rel']
hgnc:12687	VHL	['gene_disease_association', 'phenotype_has_gene']
hgnc:12691	EZR	['indra_rel']
hgnc:12692	VIM	['indra_rel']
hgnc:12705	VNN1	['indra_rel']
hgnc:12780	WNT2	['indra_rel']
hgnc:12784	WNT5A	['indra_rel']
hgnc:12796	WT1	['gene_disease_association', 'phenotype_has_gene', 'indra_rel']
hgnc:12816	XPC	['indra_rel']
hgnc:12856	YY1	['indra_rel']
hgnc:130	ACTA2	['indra_rel']
hgnc:13032	ZNF24	['indra_rel']
hgnc:13195	ZWINT	['indra_rel']
hgnc:13273	DUOX2	['indra_rel']
hgnc:1331	C5	['indra_rel']
hgnc:13339	KIF4A	['indra_rel']
hgnc:13386	NEK7	['indra_rel']
hgnc:13433	ROBO3	['indra_rel']
hgnc:13528	B3GNT3	['indra_rel']
hgnc:13575	BRD4	['phenotype_has_gene']
hgnc:13610	KDM2B	['indra_rel']
hgnc:13633	ADIPOQ	['indra_rel']
hgnc:13634	MAL2	['indra_rel']
hgnc:1383	CA9	['indra_rel']
hgnc:13974	NELFE	['indra_rel']
hgnc:14001	PRDM14	['indra_rel']
hgnc:14005	PEG10	['indra_rel']
hgnc:14063	HDAC4	['indra_rel']
hgnc:14077	NGB	['indra_rel']
hgnc:14082	ANLN	['indra_rel']
hgnc:14107	PMEPA1	['indra_rel']
hgnc:14211	BLNK	['indra_rel']
hgnc:14311	NUAK1	['indra_rel']
hgnc:14350	ARID3B	['indra_rel']
hgnc:14377	NHP2	['phenotype_has_gene']
hgnc:14378	NOP10	['phenotype_has_gene']
hgnc:14402	HIPK2	['indra_rel']
hgnc:1455	CALR	['indra_rel']
hgnc:14552	IKBKE	['indra_rel']
hgnc:14568	STK33	['indra_rel']
hgnc:14600	RGS20	['indra_rel']
hgnc:14621	NUF2	['indra_rel']
hgnc:14639	ABCC11	['indra_rel']
hgnc:14646	RNF26	['indra_rel']
hgnc:14661	EGLN3	['indra_rel']
hgnc:14685	F11R	['indra_rel']
hgnc:1477	CAPN10	['indra_rel']
hgnc:14881	ZEB2	['indra_rel']
hgnc:14894	ULBP2	['indra_rel']
hgnc:14929	SIRT1	['indra_rel']
hgnc:14931	SIRT3	['indra_rel']
hgnc:14983	ZFP91	['indra_rel']
hgnc:1502	CASP14	['indra_rel']
hgnc:1509	CASP8	['indra_rel']
hgnc:1514	CASR	['indra_rel']
hgnc:1527	CAV1	['indra_rel']
hgnc:1548	CBR1	['indra_rel']
hgnc:15480	DIAPH3	['indra_rel']
hgnc:15582	MUC16	['indra_rel']
hgnc:15590	ARHGEF15	['indra_rel']
hgnc:15631	TLR7	['indra_rel']
hgnc:15633	TLR9	['indra_rel']
hgnc:1569	CCK	['indra_rel']
hgnc:15703	RHOF	['indra_rel']
hgnc:1571	CCKBR	['indra_rel']
hgnc:15740	CPA4	['indra_rel']
hgnc:15743	ERMAP	['indra_rel']
hgnc:15768	OGFR	['indra_rel']
hgnc:1578	CCNA2	['indra_rel']
hgnc:1582	CCND1	['phenotype_has_gene', 'indra_rel']
hgnc:15888	RTEL1	['phenotype_has_gene']
hgnc:15936	NCOA6	['indra_rel']
hgnc:15962	CBX8	['indra_rel']
hgnc:15979	TP63	['gene_disease_association']
hgnc:16001	SUGCT	['gene_disease_association']
hgnc:1603	CCR2	['indra_rel']
hgnc:16059	PAK4	['indra_rel']
hgnc:1606	CCR5	['indra_rel']
hgnc:1608	CCR7	['indra_rel']
hgnc:16083	RHBDL2	['indra_rel']
hgnc:16262	YAP1	['indra_rel']
hgnc:1633	CD19	['indra_rel']
hgnc:16384	TRIM28	['indra_rel']
hgnc:16392	OSBPL5	['indra_rel']
hgnc:16400	NLRP3	['indra_rel']
hgnc:16421	SOX6	['indra_rel']
hgnc:16422	CARD10	['indra_rel']
hgnc:16429	LIAS	['indra_rel']
hgnc:1645	CD24	['gene_disease_association', 'indra_rel']
hgnc:166	ACTN4	['indra_rel']
hgnc:16627	CHEK2	['phenotype_has_gene', 'indra_rel']
hgnc:16645	TRA2A	['indra_rel']
hgnc:16668	C19orf33	['indra_rel']
hgnc:16673	ANP32E	['indra_rel']
hgnc:16683	OTUD7B	['indra_rel']
hgnc:16712	FBXW7	['indra_rel']
hgnc:1678	CD4	['indra_rel']
hgnc:16783	CDC73	['phenotype_has_gene']
hgnc:1681	CD44	['gene_disease_association', 'indra_rel']
hgnc:1682	CD47	['indra_rel']
hgnc:16821	NOP14	['indra_rel']
hgnc:16829	RRP9	['indra_rel']
hgnc:16846	WTAP	['indra_rel']
hgnc:16870	MELK	['indra_rel']
hgnc:16892	CD96	['indra_rel']
hgnc:16918	SYNCRIP	['indra_rel']
hgnc:16921	AGAP2	['indra_rel']
hgnc:1693	CD68	['indra_rel']
hgnc:16938	IFI44	['indra_rel']
hgnc:16945	PAIP1	['indra_rel']
hgnc:16953	POSTN	['indra_rel']
hgnc:16961	CD226	['indra_rel']
hgnc:1698	CD79A	['indra_rel']
hgnc:17	AADAC	['indra_rel']
hgnc:17009	TRIOBP	['indra_rel']
hgnc:17068	PALLD	['gene_disease_association', 'phenotype_has_gene', 'indra_rel']
hgnc:17071	KDM4C	['indra_rel']
hgnc:17101	SUZ12	['indra_rel']
hgnc:17129	SLC39A4	['indra_rel']
hgnc:172	ACVR1B	['phenotype_has_gene']
hgnc:1723	CDC20	['indra_rel']
hgnc:1725	CDC25A	['indra_rel']
hgnc:17273	KIF15	['indra_rel']
hgnc:17274	TRIM29	['indra_rel']
hgnc:17284	POT1	['phenotype_has_gene']
hgnc:1729	CDK11B	['indra_rel']
hgnc:17293	PRKD2	['indra_rel']
hgnc:17297	RNF34	['indra_rel']
hgnc:1744	CDC6	['indra_rel']
hgnc:17447	CLSTN1	['indra_rel']
hgnc:1748	CDH1	['gene_disease_association', 'indra_rel']
hgnc:17493	GMNN	['indra_rel']
hgnc:1753	CDH13	['indra_rel']
hgnc:17563	METTL3	['indra_rel']
hgnc:1759	CDH2	['indra_rel']
hgnc:17635	CD274	['indra_rel']
hgnc:17637	PERP	['indra_rel']
hgnc:17641	DCLRE1B	['indra_rel']
hgnc:1771	CDK2	['indra_rel']
hgnc:1773	CDK4	['phenotype_has_gene', 'indra_rel']
hgnc:1774	CDK5	['indra_rel']
hgnc:17760	TREM1	['indra_rel']
hgnc:1779	CDK8	['indra_rel']
hgnc:17812	AMOTL2	['indra_rel']
hgnc:1784	CDKN1A	['phenotype_has_gene', 'indra_rel']
hgnc:1785	CDKN1B	['phenotype_has_gene']
hgnc:1787	CDKN2A	['gene_disease_association', 'phenotype_has_gene', 'indra_rel']
hgnc:1788	CDKN2B	['phenotype_has_gene']
hgnc:1789	CDKN2C	['phenotype_has_gene']
hgnc:17994	TRPM7	['indra_rel']
hgnc:18015	IL17RB	['indra_rel']
hgnc:18022	TP53INP1	['indra_rel']
hgnc:18039	KDM5B	['indra_rel']
hgnc:18072	RABL3	['gene_disease_association', 'phenotype_has_gene']
hgnc:18126	ZNRF3	['gene_disease_association']
hgnc:18437	HAVCR2	['indra_rel']
hgnc:1848	CEL	['indra_rel']
hgnc:18505	RNF43	['gene_disease_association', 'phenotype_has_gene']
hgnc:18506	FCRL3	['indra_rel']
hgnc:18513	ZHX2	['indra_rel']
hgnc:1857	CENPF	['indra_rel']
hgnc:18572	HSDL2	['indra_rel']
hgnc:18585	MSI2	['indra_rel']
hgnc:1863	CES1	['indra_rel']
hgnc:18725	LEMD1	['indra_rel']
hgnc:1874	CFL1	['indra_rel']
hgnc:1876	CFLAR	['gene_disease_association']
hgnc:188	ADAM10	['indra_rel']
hgnc:18838	PPP1R13L	['indra_rel']
hgnc:1884	CFTR	['indra_rel']
hgnc:18901	S100A14	['indra_rel']
hgnc:19042	MASTL	['indra_rel']
hgnc:1910	CHAF1A	['indra_rel']
hgnc:19119	SLC5A8	['indra_rel']
hgnc:19157	IL27	['indra_rel']
hgnc:19174	CMTM3	['indra_rel']
hgnc:19175	CMTM4	['indra_rel']
hgnc:19233	FUT11	['indra_rel']
hgnc:19246	TERF2IP	['phenotype_has_gene']
hgnc:1925	CHEK1	['indra_rel']
hgnc:19254	PLAC8	['indra_rel']
hgnc:19264	SYT8	['indra_rel']
hgnc:19310	PIM3	['indra_rel']
hgnc:1937	CHKA	['indra_rel']
hgnc:19382	SOCS2	['indra_rel']
hgnc:19391	SOCS3	['indra_rel']
hgnc:1943	CHN1	['indra_rel']
hgnc:1950	CHRM1	['indra_rel']
hgnc:19663	GNG12	['indra_rel']
hgnc:19688	NECTIN4	['indra_rel']
hgnc:19974	RHPN2	['indra_rel']
hgnc:19986	CYCS	['indra_rel']
hgnc:20059	USP33	['indra_rel']
hgnc:20071	USP39	['indra_rel']
hgnc:20240	FNDC5	['indra_rel']
hgnc:2027	CLCNKB	['phenotype_has_gene']
hgnc:20391	SULF1	['indra_rel']
hgnc:20392	SULF2	['indra_rel']
hgnc:20418	PDS5B	['indra_rel']
hgnc:20441	S100A16	['indra_rel']
hgnc:20443	MTSS1	['indra_rel']
hgnc:20452	INSIG2	['indra_rel']
hgnc:2046	CLDN4	['indra_rel']
hgnc:20473	BRIP1	['phenotype_has_gene']
hgnc:20657	TSPAN1	['indra_rel']
hgnc:20772	TUBB3	['indra_rel']
hgnc:20857	NANOG	['indra_rel']
hgnc:2087	CLPTM1	['gene_disease_association']
hgnc:20951	FOXQ1	['indra_rel']
hgnc:20996	ASF1B	['indra_rel']
hgnc:21086	MIB1	['indra_rel']
hgnc:21182	NUP43	['indra_rel']
hgnc:21297	EPS8L3	['indra_rel']
hgnc:215	ADAM8	['indra_rel']
hgnc:21577	KDM1B	['indra_rel']
hgnc:2159	CNR1	['gene_disease_association']
hgnc:2160	CNR2	['gene_disease_association']
hgnc:21606	MPC1	['indra_rel']
hgnc:21622	CAGE1	['indra_rel']
hgnc:21684	ZNF462	['indra_rel']
hgnc:2186	COL11A1	['indra_rel']
hgnc:2191	COL14A1	['phenotype_has_gene']
hgnc:2198	COL1A2	['indra_rel']
hgnc:2228	COMT	['indra_rel']
hgnc:2235	KLF6	['indra_rel']
hgnc:2240	COPS5	['indra_rel']
hgnc:2295	CP	['indra_rel']
hgnc:22977	REG4	['indra_rel']
hgnc:23145	MAFA	['phenotype_has_gene']
hgnc:23177	KEAP1	['indra_rel']
hgnc:23192	THAP9	['indra_rel']
hgnc:23282	MUC20	['indra_rel']
hgnc:2345	CREB1	['indra_rel']
hgnc:23480	FOXK1	['indra_rel']
hgnc:2367	CRP	['indra_rel']
hgnc:23692	ACKR3	['indra_rel']
hgnc:23721	ZC3HAV1	['indra_rel']
hgnc:23734	PTF1A	['indra_rel']
hgnc:23820	E2F7	['indra_rel']
hgnc:24042	WWTR1	['indra_rel']
hgnc:24124	ACTL6A	['indra_rel']
hgnc:24212	CISD2	['indra_rel']
hgnc:2422	CS	['indra_rel']
hgnc:24264	DESI2	['indra_rel']
hgnc:24306	NUDCD1	['indra_rel']
hgnc:2431	CSE1L	['indra_rel']
hgnc:24326	RMC1	['indra_rel']
hgnc:24337	C1GALT1	['indra_rel']
hgnc:24338	C1GALT1C1	['indra_rel']
hgnc:2434	CSF2	['indra_rel']
hgnc:24352	TNS4	['indra_rel']
hgnc:2438	CSF3	['indra_rel']
hgnc:2439	CSF3R	['indra_rel']
hgnc:2440	CSH1	['indra_rel']
hgnc:24447	CMC2	['indra_rel']
hgnc:24517	NOC2L	['indra_rel']
hgnc:24587	HYCC1	['indra_rel']
hgnc:24624	SIL1	['indra_rel']
hgnc:24648	ETAA1	['gene_disease_association']
hgnc:24678	FTO	['indra_rel']
hgnc:2474	CST2	['indra_rel']
hgnc:24860	ENTPD8	['indra_rel']
hgnc:24961	HOPX	['indra_rel']
hgnc:2500	CCN2	['indra_rel']
hgnc:25006	METTL5	['indra_rel']
hgnc:2505	CTLA4	['indra_rel']
hgnc:25063	DMKN	['indra_rel']
hgnc:25070	ACD	['phenotype_has_gene']
hgnc:25126	NAF1	['indra_rel']
hgnc:2514	CTNNB1	['gene_disease_association', 'indra_rel']
hgnc:25193	MBOAT2	['indra_rel']
hgnc:2523	CTRC	['phenotype_has_gene', 'indra_rel']
hgnc:2529	CTSD	['indra_rel']
hgnc:2536	CTSK	['indra_rel']
hgnc:25365	FAM172A	['indra_rel']
hgnc:25459	PAF1	['indra_rel']
hgnc:25489	YEATS2	['indra_rel']
hgnc:25522	WRAP53	['phenotype_has_gene']
hgnc:2555	CUL4B	['indra_rel']
hgnc:2557	CUX1	['indra_rel']
hgnc:2561	CXCR4	['indra_rel']
hgnc:25619	PRR11	['indra_rel']
hgnc:25641	RNLS	['indra_rel']
hgnc:25662	AAGAB	['phenotype_has_gene']
hgnc:25715	MIIP	['indra_rel']
hgnc:25723	VASH2	['indra_rel']
hgnc:25792	USB1	['phenotype_has_gene']
hgnc:25839	GRHL3	['indra_rel']
hgnc:259	ADM	['indra_rel']
hgnc:25994	NSUN2	['indra_rel']
hgnc:25996	ALKBH5	['indra_rel']
hgnc:2603	CYP26A1	['indra_rel']
hgnc:26144	PALB2	['gene_disease_association', 'phenotype_has_gene', 'indra_rel']
hgnc:26169	CTC1	['phenotype_has_gene']
hgnc:26259	ZC3H12A	['indra_rel']
hgnc:26487	VWCE	['indra_rel']
hgnc:2654	CCN1	['indra_rel']
hgnc:2665	CD55	['indra_rel']
hgnc:2681	DAXX	['gene_disease_association']
hgnc:26878	TCAF2	['indra_rel']
hgnc:26954	MINDY2	['indra_rel']
hgnc:270	PARP1	['indra_rel']
hgnc:2700	DCLK1	['indra_rel']
hgnc:2704	DCK	['indra_rel']
hgnc:2705	DCN	['indra_rel']
hgnc:27337	ANO5	['indra_rel']
hgnc:27414	ARHGAP30	['indra_rel']
hgnc:2745	DDX3X	['indra_rel']
hgnc:27549	GREP1	['indra_rel']
hgnc:2761	DEFA1	['indra_rel']
hgnc:2768	DEK	['indra_rel']
hgnc:28116	CPTP	['indra_rel']
hgnc:28324	TMIGD2	['indra_rel']
hgnc:2845	DGCR2	['indra_rel']
hgnc:28472	TMEM43	['indra_rel']
hgnc:286	ADRB2	['indra_rel']
hgnc:28867	IGF2BP2	['indra_rel']
hgnc:28868	IGF2BP3	['indra_rel']
hgnc:28873	VTCN1	['indra_rel']
hgnc:289	GRK2	['indra_rel']
hgnc:2890	DKC1	['phenotype_has_gene']
hgnc:2891	DKK1	['indra_rel']
hgnc:2893	DKK3	['indra_rel']
hgnc:2894	DKK4	['indra_rel']
hgnc:29046	FBXO28	['indra_rel']
hgnc:2907	DLK1	['indra_rel']
hgnc:29136	KDM4B	['indra_rel']
hgnc:29170	FAN1	['phenotype_has_gene']
hgnc:29232	PARP14	['indra_rel']
hgnc:2933	DMPK	['indra_rel']
hgnc:29330	METTL14	['indra_rel']
hgnc:29477	LEPROT	['indra_rel']
hgnc:29480	LRG1	['indra_rel']
hgnc:29489	KMT5A	['indra_rel']
hgnc:29547	SHCBP1	['indra_rel']
hgnc:29559	VMP1	['indra_rel']
hgnc:29595	REG3G	['indra_rel']
hgnc:2973	DNM1L	['indra_rel']
hgnc:2976	DNMT1	['indra_rel']
hgnc:29866	NFASC	['indra_rel']
hgnc:29919	NUTM1	['phenotype_has_gene']
hgnc:29972	CEP70	['indra_rel']
hgnc:29990	NUPR1	['indra_rel']
hgnc:30027	JADE1	['indra_rel']
hgnc:30045	SMG1	['indra_rel']
hgnc:30085	VSIR	['indra_rel']
hgnc:3012	DPYD	['gene_disease_association']
hgnc:30142	GDF15	['indra_rel']
hgnc:30168	PDIA6	['indra_rel']
hgnc:30215	MACC1	['indra_rel']
hgnc:30267	RAB11FIP4	['indra_rel']
hgnc:30293	TMEM158	['indra_rel']
hgnc:30309	RER1	['indra_rel']
hgnc:30321	MPRIP	['indra_rel']
hgnc:30323	DTX3L	['indra_rel']
hgnc:3050	DSG3	['indra_rel']
hgnc:30579	SSH1	['indra_rel']
hgnc:3059	HBEGF	['indra_rel']
hgnc:3064	DUSP1	['indra_rel']
hgnc:30844	SEZ6L2	['indra_rel']
hgnc:3086	DVL2	['indra_rel']
hgnc:3098	TOR1A	['indra_rel']
hgnc:3148	TYMP	['gene_disease_association', 'indra_rel']
hgnc:3155	ECT2	['indra_rel']
hgnc:3173	EDIL3	['indra_rel']
hgnc:320	AGER	['indra_rel']
hgnc:32071	LDLRAD2	['indra_rel']
hgnc:3218	EFEMP1	['gene_disease_association']
hgnc:3229	EGF	['indra_rel']
hgnc:3236	EGFR	['gene_disease_association', 'indra_rel']
hgnc:3240	EGR3	['indra_rel']
hgnc:3246	EHF	['indra_rel']
hgnc:3275	EIF3F	['indra_rel']
hgnc:32790	PNO1	['indra_rel']
hgnc:328	AGR2	['indra_rel']
hgnc:3280	EIF3B	['indra_rel']
hgnc:3300	EIF5A	['indra_rel']
hgnc:3301	EIF5A2	['indra_rel']
hgnc:3309	ELANE	['indra_rel']
hgnc:3321	ELK1	['indra_rel']
hgnc:3325	ELK3	['indra_rel']
hgnc:3350	ENO1	['indra_rel']
hgnc:3357	ENPP2	['indra_rel']
hgnc:336	AGTR1	['indra_rel']
hgnc:3373	EP300	['gene_disease_association', 'indra_rel']
hgnc:3374	EPAS1	['indra_rel']
hgnc:3386	EPHA2	['indra_rel']
hgnc:33869	CCNI2	['indra_rel']
hgnc:33904	ACOD1	['indra_rel']
hgnc:3430	ERBB2	['indra_rel']
hgnc:3449	ERN1	['indra_rel']
hgnc:3467	ESR1	['indra_rel']
hgnc:3471	ESRRA	['indra_rel']
hgnc:348	AHR	['gene_disease_association', 'indra_rel']
hgnc:349	AHSG	['indra_rel']
hgnc:3490	ETV1	['indra_rel']
hgnc:3493	ETV4	['indra_rel']
hgnc:3508	EWSR1	['phenotype_has_gene']
hgnc:3527	EZH2	['indra_rel']
hgnc:3535	F2	['indra_rel']
hgnc:3538	F2RL1	['indra_rel']
hgnc:3541	F3	['indra_rel']
hgnc:3559	FABP4	['indra_rel']
hgnc:3574	FADS1	['indra_rel']
hgnc:3594	FASN	['indra_rel']
hgnc:3599	FBL	['indra_rel']
hgnc:3665	FGF1	['indra_rel']
hgnc:3670	FGF13	['gene_disease_association']
hgnc:3676	FGF2	['indra_rel']
hgnc:3683	FGF5	['indra_rel']
hgnc:3749	FLI1	['phenotype_has_gene']
hgnc:3768	FMN1	['indra_rel']
hgnc:3778	FN1	['indra_rel']
hgnc:3788	FOLH1	['indra_rel']
hgnc:3796	FOS	['indra_rel']
hgnc:3797	FOSB	['indra_rel']
hgnc:3818	FOXM1	['indra_rel']
hgnc:3821	FOXO3	['indra_rel']
hgnc:3823	FOXP1	['gene_disease_association', 'indra_rel']
hgnc:3826	FPR1	['indra_rel']
hgnc:391	AKT1	['indra_rel']
hgnc:392	AKT2	['gene_disease_association', 'indra_rel']
hgnc:3942	MTOR	['indra_rel']
hgnc:3971	FST	['indra_rel']
hgnc:400	ALCAM	['indra_rel']
hgnc:4014	FUT3	['indra_rel']
hgnc:402	ALDH1A1	['indra_rel']
hgnc:4027	FXYD3	['gene_disease_association']
hgnc:4037	FYN	['indra_rel']
hgnc:405	ALDH3A1	['indra_rel']
hgnc:4089	GABRP	['indra_rel']
hgnc:4095	GADD45A	['gene_disease_association', 'indra_rel']
hgnc:4098	GAGE1	['gene_disease_association']
hgnc:4125	GALNT3	['indra_rel']
hgnc:4164	GAST	['indra_rel']
hgnc:4174	GATA6	['indra_rel']
hgnc:4191	GCG	['indra_rel']
hgnc:4192	GCGR	['phenotype_has_gene']
hgnc:4205	GCNT3	['indra_rel']
hgnc:4232	GDNF	['indra_rel']
hgnc:4234	GEM	['indra_rel']
hgnc:4244	GFRA2	['indra_rel']
hgnc:4263	GHR	['indra_rel']
hgnc:4270	GIP	['indra_rel']
hgnc:4274	GJA1	['indra_rel']
hgnc:4317	GLI1	['indra_rel']
hgnc:4341	GLUL	['indra_rel']
hgnc:435	ALOX5	['indra_rel']
hgnc:4392	GNAS	['indra_rel']
hgnc:4410	GNG7	['indra_rel']
hgnc:4449	GPC1	['indra_rel']
hgnc:4458	GPI	['indra_rel']
hgnc:4538	GPR87	['indra_rel']
hgnc:4554	GPX2	['indra_rel']
hgnc:4602	CXCL1	['indra_rel']
hgnc:4616	GSK3A	['indra_rel']
hgnc:4617	GSK3B	['indra_rel']
hgnc:4620	GSN	['indra_rel']
hgnc:4635	GSTM3	['indra_rel']
hgnc:4661	GTF2IRD1	['indra_rel']
hgnc:4709	GZMB	['indra_rel']
hgnc:4893	HGF	['indra_rel']
hgnc:4894	HGFAC	['indra_rel']
hgnc:4910	HIF1A	['gene_disease_association', 'indra_rel']
hgnc:4923	HK2	['indra_rel']
hgnc:4983	HMGB1	['indra_rel']
hgnc:5009	HMGA2	['indra_rel']
hgnc:5010	HMGA1	['indra_rel']
hgnc:5012	HMMR	['indra_rel']
hgnc:5013	HMOX1	['indra_rel']
hgnc:5021	FOXA1	['indra_rel']
hgnc:5026	HNF4G	['indra_rel']
hgnc:5045	HNRNPL	['indra_rel']
hgnc:5100	HOXA10	['indra_rel']
hgnc:5116	HOXB5	['indra_rel']
hgnc:51259	CLDN34	['indra_rel']
hgnc:5140	HOXD9	['indra_rel']
hgnc:5141	HP	['indra_rel']
hgnc:5154	HPGD	['indra_rel']
hgnc:5164	HPSE	['indra_rel']
hgnc:5187	PRMT1	['indra_rel']
hgnc:5198	HS3ST3B1	['indra_rel']
hgnc:5224	HSF1	['indra_rel']
hgnc:5238	HSPA5	['indra_rel']
hgnc:5289	HTR1D	['indra_rel']
hgnc:5318	TNC	['indra_rel']
hgnc:5329	IAPP	['indra_rel']
hgnc:533	ANXA1	['indra_rel']
hgnc:5330	IARS1	['indra_rel']
hgnc:534	ANXA10	['gene_disease_association']
hgnc:5344	ICAM1	['indra_rel']
hgnc:5358	IRF8	['indra_rel']
hgnc:5360	ID1	['indra_rel']
hgnc:5363	ID4	['indra_rel']
hgnc:537	ANXA2	['indra_rel']
hgnc:541	ANXA3	['indra_rel']
hgnc:5417	IFNA1	['gene_disease_association', 'indra_rel']
hgnc:5423	IFNA2	['gene_disease_association', 'indra_rel']
hgnc:5426	IFNA5	['gene_disease_association', 'indra_rel']
hgnc:5438	IFNG	['indra_rel']
hgnc:5464	IGF1	['indra_rel']
hgnc:5465	IGF1R	['indra_rel']
hgnc:5466	IGF2	['indra_rel']
hgnc:5476	IGFBP7	['indra_rel']
hgnc:550	AOC3	['indra_rel']
hgnc:56	ABCC5	['indra_rel']
hgnc:5724	RBPJ	['indra_rel']
hgnc:583	APC	['gene_disease_association', 'phenotype_has_gene', 'indra_rel']
hgnc:587	APEX1	['indra_rel']
hgnc:589	ATG5	['indra_rel']
hgnc:591	BIRC3	['indra_rel']
hgnc:592	XIAP	['indra_rel']
hgnc:593	BIRC5	['indra_rel']
hgnc:5960	IKBKB	['indra_rel']
hgnc:5962	IL10	['indra_rel']
hgnc:598	APLP2	['indra_rel']
hgnc:5981	IL17A	['indra_rel']
hgnc:5982	IL17B	['indra_rel']
hgnc:5986	IL18	['indra_rel']
hgnc:5987	IL18BP	['indra_rel']
hgnc:5991	IL1A	['indra_rel']
hgnc:5992	IL1B	['indra_rel']
hgnc:601	APOA2	['indra_rel']
hgnc:6018	IL6	['indra_rel']
hgnc:6025	CXCL8	['gene_disease_association', 'indra_rel']
hgnc:6027	CXCR2	['indra_rel']
hgnc:6066	INHBA	['indra_rel']
hgnc:6074	INPP4A	['indra_rel']
hgnc:6079	INPP5D	['indra_rel']
hgnc:6081	INS	['indra_rel']
hgnc:6107	PDX1	['gene_disease_association', 'indra_rel']
hgnc:6112	IRAK1	['indra_rel']
hgnc:6117	IRF2	['indra_rel']
hgnc:6121	IRF6	['indra_rel']
hgnc:6122	IRF7	['indra_rel']
hgnc:613	APOE	['indra_rel']
hgnc:6131	IRF9	['indra_rel']
hgnc:6137	ITGA2	['indra_rel']
hgnc:6149	ITGAM	['indra_rel']
hgnc:6153	ITGB1	['indra_rel']
hgnc:6163	ITGB8	['indra_rel']
hgnc:6164	ITGBL1	['indra_rel']
hgnc:618	APOL1	['indra_rel']
hgnc:6189	JAG2	['indra_rel']
hgnc:6192	JAK2	['indra_rel']
hgnc:6204	JUN	['indra_rel']
hgnc:6210	CD82	['indra_rel']
hgnc:6251	KCNH2	['indra_rel']
hgnc:6257	KCNJ11	['phenotype_has_gene']
hgnc:6293	KCNN4	['indra_rel']
hgnc:6307	KDR	['gene_disease_association', 'indra_rel']
hgnc:6348	KLF4	['indra_rel']
hgnc:6349	KLF5	['gene_disease_association', 'indra_rel']
hgnc:6350	KLF7	['indra_rel']
hgnc:6351	KLF8	['indra_rel']
hgnc:636	AQP3	['indra_rel']
hgnc:6368	KLK7	['indra_rel']
hgnc:6392	KIF23	['indra_rel']
hgnc:6407	KRAS	['gene_disease_association', 'phenotype_has_gene', 'indra_rel']
hgnc:6436	KRT19	['indra_rel']
hgnc:644	AR	['indra_rel']
hgnc:6445	KRT7	['indra_rel']
hgnc:6470	L1CAM	['indra_rel']
hgnc:6493	LAMC2	['indra_rel']
hgnc:651	AREG	['indra_rel']
hgnc:6510	STMN1	['indra_rel']
hgnc:6515	LATS2	['indra_rel']
hgnc:6526	LCN2	['indra_rel']
hgnc:6535	LDHA	['gene_disease_association', 'indra_rel']
hgnc:6553	LEP	['indra_rel']
hgnc:6554	LEPR	['indra_rel']
hgnc:6561	LGALS1	['indra_rel']
hgnc:6563	LGALS3	['indra_rel']
hgnc:659	ARF6	['indra_rel']
hgnc:6596	LIF	['indra_rel']
hgnc:6597	LIFR	['indra_rel']
hgnc:6616	LIMS1	['indra_rel']
hgnc:6644	LMO4	['indra_rel']
hgnc:6646	LMO7	['indra_rel']
hgnc:6664	LOX	['indra_rel']
hgnc:6667	LPA	['indra_rel']
hgnc:667	RHOA	['indra_rel']
hgnc:669	RHOC	['indra_rel']
hgnc:6724	LUM	['indra_rel']
hgnc:6727	LY6E	['gene_disease_association']
hgnc:6768	SMAD2	['indra_rel']
hgnc:6769	SMAD3	['indra_rel']
hgnc:6770	SMAD4	['gene_disease_association', 'phenotype_has_gene', 'indra_rel']
hgnc:6773	SMAD7	['indra_rel']
hgnc:6813	MAGED1	['indra_rel']
hgnc:6844	MAP2K4	['gene_disease_association']
hgnc:6861	MAP3K9	['indra_rel']
hgnc:6871	MAPK1	['indra_rel']
hgnc:6877	MAPK3	['indra_rel']
hgnc:6881	MAPK8	['indra_rel']
hgnc:6916	MBD1	['indra_rel']
hgnc:6929	MC1R	['phenotype_has_gene']
hgnc:6943	MCL1	['indra_rel']
hgnc:6970	MDH1	['indra_rel']
hgnc:6972	MDK	['indra_rel']
hgnc:6973	MDM2	['phenotype_has_gene', 'indra_rel']
hgnc:701	BMAL1	['indra_rel']
hgnc:7010	MEN1	['gene_disease_association', 'phenotype_has_gene']
hgnc:7029	MET	['indra_rel']
hgnc:7059	MGMT	['phenotype_has_gene', 'indra_rel']
hgnc:7097	MIF	['indra_rel']
hgnc:7105	MITF	['phenotype_has_gene']
hgnc:7127	MLH1	['phenotype_has_gene']
hgnc:7128	MLH3	['phenotype_has_gene']
hgnc:7137	AFDN	['indra_rel']
hgnc:7155	MMP1	['indra_rel']
hgnc:7160	MMP14	['indra_rel']
hgnc:7166	MMP2	['gene_disease_association', 'indra_rel']
hgnc:7176	MMP9	['gene_disease_association', 'indra_rel']
hgnc:7230	MRE11	['phenotype_has_gene']
hgnc:7315	MS4A1	['indra_rel']
hgnc:7325	MSH2	['phenotype_has_gene']
hgnc:7329	MSH6	['phenotype_has_gene']
hgnc:7371	MSLN	['gene_disease_association', 'indra_rel']
hgnc:7381	MST1R	['indra_rel']
hgnc:74	ABCG2	['indra_rel']
hgnc:7410	MTA1	['indra_rel']
hgnc:7411	MTA2	['indra_rel']
hgnc:7413	MTAP	['indra_rel']
hgnc:7432	MTHFD1	['indra_rel']
hgnc:7434	MTHFD2	['indra_rel']
hgnc:7508	MUC1	['indra_rel']
hgnc:7512	MUC2	['indra_rel']
hgnc:7513	MUC3A	['indra_rel']
hgnc:7514	MUC4	['indra_rel']
hgnc:7515	MUC5AC	['indra_rel']
hgnc:7523	TRIM37	['indra_rel']
hgnc:7527	MUTYH	['indra_rel']
hgnc:7529	MVD	['indra_rel']
hgnc:7545	MYB	['indra_rel']
hgnc:7553	MYC	['gene_disease_association', 'indra_rel']
hgnc:7559	MYCN	['indra_rel']
hgnc:7563	MYEOV	['indra_rel']
hgnc:757	ASPH	['indra_rel']
hgnc:7590	MYLK	['indra_rel']
hgnc:76	ABL1	['indra_rel']
hgnc:7646	NAT2	['indra_rel']
hgnc:7652	NBN	['phenotype_has_gene']
hgnc:7667	NCL	['indra_rel']
hgnc:7670	NCOA3	['indra_rel']
hgnc:7671	NCOA4	['indra_rel']
hgnc:7701	NDUFB6	['indra_rel']
hgnc:7727	NEDD4	['indra_rel']
hgnc:7733	NEDD9	['indra_rel']
hgnc:7744	NEK1	['indra_rel']
hgnc:7774	NFAT5	['indra_rel']
hgnc:7775	NFATC1	['indra_rel']
hgnc:7782	NFE2L2	['indra_rel']
hgnc:7797	NFKBIA	['gene_disease_association', 'indra_rel']
hgnc:7808	NGF	['indra_rel']
hgnc:785	ATF3	['indra_rel']
hgnc:7859	NMU	['indra_rel']
hgnc:786	ATF4	['indra_rel']
hgnc:7865	NODAL	['indra_rel']
hgnc:7881	NOTCH1	['indra_rel']
hgnc:7883	NOTCH3	['phenotype_has_gene', 'indra_rel']
hgnc:7884	NOTCH4	['indra_rel']
hgnc:7891	NOX4	['indra_rel']
hgnc:79	ABO	['gene_disease_association', 'indra_rel']
hgnc:791	ATF6	['indra_rel']
hgnc:7910	NPM1	['phenotype_has_gene', 'indra_rel']
hgnc:795	ATM	['gene_disease_association', 'indra_rel']
hgnc:7952	NPTX1	['indra_rel']
hgnc:7953	NPTX2	['indra_rel']
hgnc:7967	NR1H4	['indra_rel']
hgnc:7968	NR1I2	['indra_rel']
hgnc:7975	NR2F1	['indra_rel']
hgnc:7978	NR3C1	['indra_rel']
hgnc:7979	NR3C2	['indra_rel']
hgnc:7980	NR4A1	['gene_disease_association', 'indra_rel']
hgnc:7984	NR5A2	['gene_disease_association', 'indra_rel']
hgnc:7997	NRG1	['indra_rel']
hgnc:8004	NRP1	['gene_disease_association']
hgnc:8007	NRTN	['indra_rel']
hgnc:8021	NT5E	['indra_rel']
hgnc:8028	NTHL1	['phenotype_has_gene']
hgnc:8031	NTRK1	['indra_rel']
hgnc:8032	NTRK2	['indra_rel']
hgnc:8038	NTS	['indra_rel']
hgnc:8060	NUMB	['indra_rel']
hgnc:8100	OC90	['indra_rel']
hgnc:8104	OCLN	['indra_rel']
hgnc:8109	ODC1	['indra_rel']
hgnc:8126	OGN	['indra_rel']
hgnc:8133	OLR1	['indra_rel']
hgnc:8575	PAFAH1B2	['indra_rel']
hgnc:8583	SERPINE1	['indra_rel']
hgnc:8590	PAK1	['indra_rel']
hgnc:8601	REG3A	['indra_rel']
hgnc:8607	PRKN	['indra_rel']
hgnc:8609	PARN	['phenotype_has_gene']
hgnc:8614	PAWR	['indra_rel']
hgnc:8634	PBX3	['indra_rel']
hgnc:8638	KAT2B	['indra_rel']
hgnc:8748	PCSK7	['indra_rel']
hgnc:8760	PDCD1	['indra_rel']
hgnc:8773	PDE11A	['phenotype_has_gene']
hgnc:8804	PDGFRB	['phenotype_has_gene']
hgnc:8811	PDK3	['indra_rel']
hgnc:882	ATR	['indra_rel']
hgnc:8845	PER1	['indra_rel']
hgnc:886	ATRX	['gene_disease_association']
hgnc:8874	PFKFB3	['indra_rel']
hgnc:8883	CDK14	['indra_rel']
hgnc:8951	SERPINE2	['indra_rel']
hgnc:8975	PIK3CA	['phenotype_has_gene', 'indra_rel']
hgnc:8978	PIK3CG	['indra_rel']
hgnc:8981	PIK3R3	['indra_rel']
hgnc:8986	PIM1	['indra_rel']
hgnc:8988	PIN1	['indra_rel']
hgnc:9005	PITX2	['indra_rel']
hgnc:9007	PIWIL1	['indra_rel']
hgnc:9016	PKHD1	['indra_rel']
hgnc:9025	PKP3	['indra_rel']
hgnc:9030	PLA2G1B	['indra_rel']
hgnc:905	AXL	['gene_disease_association']
hgnc:9052	PLAU	['gene_disease_association']
hgnc:9053	PLAUR	['indra_rel']
hgnc:9077	PLK1	['indra_rel']
hgnc:9105	PLXNB3	['indra_rel']
hgnc:9121	PMS1	['phenotype_has_gene']
hgnc:9122	PMS2	['phenotype_has_gene']
hgnc:9142	PRRX1	['indra_rel']
hgnc:9236	PPARG	['gene_disease_association', 'indra_rel']
hgnc:9277	PPM1D	['indra_rel']
hgnc:9304	PPP2R2A	['indra_rel']
hgnc:9346	PRDM1	['indra_rel']
hgnc:9376	PRKAA1	['indra_rel']
hgnc:9388	PRKAR1A	['phenotype_has_gene']
hgnc:9395	PRKCB	['indra_rel']
hgnc:9399	PRKCD	['indra_rel']
hgnc:9407	PRKD1	['indra_rel']
hgnc:9438	PRKRA	['indra_rel']
hgnc:9452	PROCR	['indra_rel']
hgnc:9454	PROM1	['indra_rel']
hgnc:9459	PROX1	['indra_rel']
hgnc:9475	PRSS1	['indra_rel']
hgnc:9486	PRSS3	['indra_rel']
hgnc:95	SLC33A1	['indra_rel']
hgnc:950	BAP1	['gene_disease_association', 'phenotype_has_gene']
hgnc:9500	PSCA	['indra_rel']
hgnc:952	BARD1	['phenotype_has_gene']
hgnc:9555	PSMD10	['indra_rel']
hgnc:9557	PSMD12	['indra_rel']
hgnc:9585	PTCH1	['gene_disease_association']
hgnc:9586	PTCH2	['indra_rel']
hgnc:9588	PTEN	['gene_disease_association', 'phenotype_has_gene', 'indra_rel']
hgnc:959	BAX	['indra_rel']
hgnc:9605	PTGS2	['gene_disease_association', 'indra_rel']
hgnc:9607	PTHLH	['gene_disease_association']
hgnc:9611	PTK2	['indra_rel']
hgnc:9617	PTK6	['indra_rel']
hgnc:9630	PTN	['indra_rel']
hgnc:9647	PTPN14	['indra_rel']
hgnc:9690	PTTG1	['indra_rel']
hgnc:971	BCAR1	['gene_disease_association']
hgnc:9717	PEX2	['indra_rel']
hgnc:9718	PXN	['indra_rel']
hgnc:9756	QSOX1	['indra_rel']
hgnc:9760	RAB11A	['indra_rel']
hgnc:9783	RAB5A	['indra_rel']
hgnc:9801	RAC1	['indra_rel']
hgnc:9816	RAD50	['phenotype_has_gene']
hgnc:9817	RAD51	['phenotype_has_gene', 'indra_rel']
hgnc:9820	RAD51C	['phenotype_has_gene']
hgnc:9823	RAD51D	['phenotype_has_gene']
hgnc:9836	GPRC5A	['indra_rel']
hgnc:9840	RALB	['indra_rel']
hgnc:9852	IPO7	['indra_rel']
hgnc:9855	RAP1A	['indra_rel']
hgnc:9858	RAP1GAP	['gene_disease_association', 'indra_rel']
hgnc:9884	RB1	['gene_disease_association', 'indra_rel']
hgnc:9891	RBBP8	['gene_disease_association']
hgnc:9896	RBM10	['indra_rel']
hgnc:990	BCL2	['indra_rel']
hgnc:992	BCL2L1	['gene_disease_association']
hgnc:994	BCL2L11	['indra_rel']
hgnc:9958	REN	['indra_rel']
hgnc:9959	RENBP	['indra_rel']
hgnc:9988	RFXAP	['indra_rel']
hgnc:9989	RGN	['indra_rel']
mesh:C410216	Folfox protocol	['indra_rel']
mesh:C480833	IFL protocol	['indra_rel']
mesh:D002785	Sterol O-Acyltransferase	['indra_rel']
mesh:D003094	Collagen	['indra_rel']
mesh:D009077	Mucins	['indra_rel']
mesh:D011451	Prostaglandin-Endoperoxide Synthases	['indra_rel']
mesh:D016333	HIV Protease	['indra_rel']
mesh:D053668	Syndecan-1	['indra_rel']
uniprot:B7ZLG1	FOXP3	['indra_rel']
